panel,dataset,condition,metric,value,x,y,stamp
gravity,IH,Native,R@1,69.062500000,,,
gravity,IH,Native,R@5,86.875000000,,,
gravity,IH,+G,R@1,69.375000000,,,
gravity,IH,+G,R@5,86.875000000,,,
gravity,CH,Native,R@1,51.351351351,,,
gravity,CH,Native,R@5,70.270270270,,,
gravity,CH,+G,R@1,64.189189189,,,
gravity,CH,+G,R@5,87.162162162,,,
split,IH,Fixed 2.5 m,R@1,68.437500000,,,
split,IH,Fixed 2.5 m,R@5,87.187500000,,,
split,IH,Adaptive,R@1,69.375000000,,,
split,IH,Adaptive,R@5,86.875000000,,,
split,CH,Fixed 2.5 m,R@1,64.189189189,,,
split,CH,Fixed 2.5 m,R@5,86.486486486,,,
split,CH,Adaptive,R@1,64.189189189,,,
split,CH,Adaptive,R@5,87.162162162,,,
split,H1→H2,Fixed 2.5 m,R@1,48.275862069,,,
split,H1→H2,Fixed 2.5 m,R@5,68.965517241,,,
split,H1→H2,Adaptive,R@1,48.275862069,,,
split,H1→H2,Adaptive,R@5,70.689655172,,,
split,H1→V1,Fixed 2.5 m,R@1,54.385964912,,,
split,H1→V1,Fixed 2.5 m,R@5,80.701754386,,,
split,H1→V1,Adaptive,R@1,54.385964912,,,
split,H1→V1,Adaptive,R@5,82.456140351,,,
trajectory,,map,,,0.000000000,0.000000000,1764589611.590759277
trajectory,,map,,,0.047273488,0.152136791,1764589621.453962326
trajectory,,map,,,-0.028882912,0.350820304,1764589621.863075733
trajectory,,map,,,-0.208052294,0.557603586,1764589622.268203735
trajectory,,map,,,-0.493895646,0.822152012,1764589622.673323870
trajectory,,map,,,-0.852231187,1.184129065,1764589623.082448483
trajectory,,map,,,-1.225927225,1.538158506,1764589623.487568378
trajectory,,map,,,-1.604434795,1.949779800,1764589623.896701336
trajectory,,map,,,-2.001880153,2.321549432,1764589624.301830053
trajectory,,map,,,-2.335740506,2.695188007,1764589624.706950188
trajectory,,map,,,-2.686434311,3.114459309,1764589625.116069794
trajectory,,map,,,-3.093042566,3.483428956,1764589625.521189928
trajectory,,map,,,-3.489063560,3.830587679,1764589625.930304766
trajectory,,map,,,-3.963804625,4.210152736,1764589626.335427761
trajectory,,map,,,-4.453637494,4.468418511,1764589626.740547895
trajectory,,map,,,-4.951616440,4.713202492,1764589627.149667501
trajectory,,map,,,-5.537791388,4.925170739,1764589627.554787636
trajectory,,map,,,-6.078332894,5.080744131,1764589627.963897228
trajectory,,map,,,-6.651998520,5.258762803,1764589628.369030237
trajectory,,map,,,-7.250592053,5.375957183,1764589628.774150133
trajectory,,map,,,-7.836864267,5.458413237,1764589629.182814121
trajectory,,map,,,-8.331467999,5.549261378,1764589629.486654282
trajectory,,map,,,-8.961075566,5.630950867,1764589629.895305395
trajectory,,map,,,-9.563670261,5.698915506,1764589630.300437927
trajectory,,map,,,-10.176925474,5.747836989,1764589630.705558062
trajectory,,map,,,-10.726432036,5.757849328,1764589631.114200115
trajectory,,map,,,-11.248936370,5.795563375,1764589631.519320011
trajectory,,map,,,-11.800381040,5.845942802,1764589631.928444624
trajectory,,map,,,-12.424766926,5.862635136,1764589632.434858799
trajectory,,map,,,-13.009072426,5.902848766,1764589632.839978695
trajectory,,map,,,-13.556124816,5.858690018,1764589633.249077082
trajectory,,map,,,-14.117246725,5.811456966,1764589633.654196978
trajectory,,map,,,-14.755111795,5.793125097,1764589634.063316822
trajectory,,map,,,-15.319350211,5.769691020,1764589634.468436718
trajectory,,map,,,-15.901588743,5.729122318,1764589634.877551079
trajectory,,map,,,-16.510854744,5.649927780,1764589635.282676935
trajectory,,map,,,-17.074260173,5.527750826,1764589635.687797070
trajectory,,map,,,-17.690957838,5.425292166,1764589636.096918821
trajectory,,map,,,-18.248123721,5.268542153,1764589636.502038717
trajectory,,map,,,-18.820278837,5.146694515,1764589636.911160946
trajectory,,map,,,-19.439860082,5.020916969,1764589637.316281319
trajectory,,map,,,-19.963558250,4.856848349,1764589637.721401453
trajectory,,map,,,-20.536072936,4.763010098,1764589638.130542755
trajectory,,map,,,-21.119689346,4.663846389,1764589638.535662889
trajectory,,map,,,-21.733353834,4.582088275,1764589638.944775343
trajectory,,map,,,-22.228766605,4.461600757,1764589639.248623133
trajectory,,map,,,-22.704115134,4.317715397,1764589639.653743029
trajectory,,map,,,-23.294963375,4.122685516,1764589640.163683414
trajectory,,map,,,-23.728818036,3.790332616,1764589640.670083284
trajectory,,map,,,-24.126911108,3.375485127,1764589641.180003405
trajectory,,map,,,-24.447397499,2.931520287,1764589641.686403275
trajectory,,map,,,-24.752642527,2.432567075,1764589642.297603846
trajectory,,map,,,-24.805503152,2.277433703,1764589642.601443768
trajectory,,map,,,-24.800582877,2.177912787,1764589643.314405203
trajectory,,map,,,-24.530112852,2.306162812,1764589644.635046244
trajectory,,map,,,-24.448327087,2.248686588,1764589645.145446539
trajectory,,map,,,-24.405228785,2.239917954,1764589663.343804121
trajectory,,map,,,-24.500781518,2.331532644,1764589663.854193687
trajectory,,map,,,-24.438745605,1.882259701,1764589664.664444923
trajectory,,map,,,-24.202203967,1.429599249,1764589665.073565960
trajectory,,map,,,-23.758693760,0.925808384,1764589665.478685856
trajectory,,map,,,-23.313442350,0.513730787,1764589665.782526016
trajectory,,map,,,-22.977210635,0.238435646,1764589665.989079237
trajectory,,map,,,-22.531539796,-0.051178584,1764589666.292927265
trajectory,,map,,,-22.076903710,-0.440242820,1764589666.698047161
trajectory,,map,,,-21.620308540,-0.882510639,1764589667.107168198
trajectory,,map,,,-21.130505768,-1.185764573,1764589667.512288332
trajectory,,map,,,-20.665408522,-1.545799747,1764589667.921407938
trajectory,,map,,,-20.232722841,-1.859647003,1764589668.225249052
trajectory,,map,,,-19.668252406,-2.142176373,1764589668.630368948
trajectory,,map,,,-19.209384972,-2.565411374,1764589669.039490700
trajectory,,map,,,-18.837175400,-2.906226474,1764589669.343329906
trajectory,,map,,,-18.380368652,-3.305233862,1764589669.748449802
trajectory,,map,,,-17.915640218,-3.741551345,1764589670.157570601
trajectory,,map,,,-17.461241506,-4.128767357,1764589670.562690496
trajectory,,map,,,-17.080014467,-4.561377507,1764589670.971816778
trajectory,,map,,,-16.668528294,-5.035534432,1764589671.376951456
trajectory,,map,,,-16.488857027,-5.204347579,1764589671.579511642
trajectory,,map,,,-16.332717283,-5.370136612,1764589671.782071590
trajectory,,map,,,-15.975536157,-5.743572008,1764589672.190732479
trajectory,,map,,,-15.491153427,-6.114147030,1764589672.595852613
trajectory,,map,,,-14.994551041,-6.429602135,1764589673.004482985
trajectory,,map,,,-14.569262480,-6.688554271,1764589673.308333397
trajectory,,map,,,-14.121448168,-6.928992827,1764589673.612173319
trajectory,,map,,,-13.738964376,-7.107207358,1764589673.919526815
trajectory,,map,,,-13.235615381,-7.431527494,1764589674.324654579
trajectory,,map,,,-12.712869783,-7.731842805,1764589674.729774475
trajectory,,map,,,-12.222720261,-8.024283678,1764589675.138415337
trajectory,,map,,,-11.765381258,-8.430888750,1764589675.543535471
trajectory,,map,,,-11.358892176,-8.775388180,1764589675.952654123
trajectory,,map,,,-10.999124807,-9.184235921,1764589676.357776403
trajectory,,map,,,-10.595129796,-9.673431237,1764589676.762896299
trajectory,,map,,,-10.233867757,-10.044757373,1764589677.172017336
trajectory,,map,,,-9.884920215,-10.526160264,1764589677.577137470
trajectory,,map,,,-9.553876133,-10.975022097,1764589677.986259937
trajectory,,map,,,-9.239718288,-11.421030356,1764589678.391378164
trajectory,,map,,,-8.947408495,-11.974490101,1764589678.796498060
trajectory,,map,,,-8.686183906,-12.443057439,1764589679.205618858
trajectory,,map,,,-8.489084231,-12.962320109,1764589679.610738993
trajectory,,map,,,-8.356075802,-13.500416579,1764589680.019866467
trajectory,,map,,,-8.296159689,-13.855790503,1764589680.323719978
trajectory,,map,,,-8.262689781,-14.373532834,1764589680.728839874
trajectory,,map,,,-8.216254197,-14.900110282,1764589681.137960911
trajectory,,map,,,-8.144372043,-15.450955763,1764589681.543081045
trajectory,,map,,,-8.073975084,-16.042856403,1764589681.951734304
trajectory,,map,,,-7.845523697,-16.601645174,1764589682.458142281
trajectory,,map,,,-7.557499180,-17.023501077,1764589682.968058109
trajectory,,map,,,-7.249287828,-17.177401999,1764589683.575742960
trajectory,,map,,,-7.166819117,-17.219212258,1764589684.085664034
trajectory,,map,,,-7.216772615,-17.239192136,1764589700.250212669
trajectory,,map,,,-7.313262352,-17.184728227,1764589700.452772617
trajectory,,map,,,-7.314463197,-16.955028894,1764589700.963064671
trajectory,,map,,,-7.177519161,-16.854838468,1764589701.165628672
trajectory,,map,,,-7.083779440,-16.814371877,1764589701.266908646
trajectory,,map,,,-6.989069379,-16.763937132,1764589701.368188620
trajectory,,map,,,-6.889146162,-16.711291109,1764589701.469468594
trajectory,,map,,,-6.778442289,-16.654498189,1764589701.570748568
trajectory,,map,,,-6.657549837,-16.596593597,1764589701.672028780
trajectory,,map,,,-6.528633631,-16.537025538,1764589701.773308754
trajectory,,map,,,-6.277320064,-16.444056154,1764589701.979858398
trajectory,,map,,,-6.020539809,-16.358061535,1764589702.182421684
trajectory,,map,,,-5.501806622,-16.173786971,1764589702.587541819
trajectory,,map,,,-4.965051648,-16.036227448,1764589702.996717930
trajectory,,map,,,-4.355075822,-15.917912082,1764589703.401841402
trajectory,,map,,,-4.044843339,-15.896286694,1764589703.604401350
trajectory,,map,,,-3.629569874,-15.885679905,1764589703.912328720
trajectory,,map,,,-2.977281402,-15.816662856,1764589704.317453623
trajectory,,map,,,-2.381407922,-15.695232480,1764589704.722573519
trajectory,,map,,,-1.734455737,-15.582204070,1764589705.131815910
trajectory,,map,,,-1.228354979,-15.422574240,1764589705.435655832
trajectory,,map,,,-0.664010785,-15.211327979,1764589705.840775967
trajectory,,map,,,-0.016041772,-15.058212249,1764589706.249422312
trajectory,,map,,,0.579762665,-14.862711854,1764589706.654542446
trajectory,,map,,,1.221477371,-14.663570707,1764589707.063135386
trajectory,,map,,,1.762132977,-14.460689386,1764589707.366975546
trajectory,,map,,,2.237574195,-14.231558793,1764589707.670815468
trajectory,,map,,,2.708016983,-14.026701096,1764589707.978142738
trajectory,,map,,,3.189703699,-13.874115278,1764589708.281993151
trajectory,,map,,,3.732951686,-13.668565659,1764589708.687113285
trajectory,,map,,,4.290219722,-13.524795178,1764589709.096215725
trajectory,,map,,,4.873399923,-13.532888149,1764589709.501335859
trajectory,,map,,,5.113822683,-13.573651094,1764589709.703895807
trajectory,,map,,,5.358061350,-13.660656406,1764589709.910465240
trajectory,,map,,,5.840063111,-13.907538748,1764589710.315598249
trajectory,,map,,,6.305052470,-14.252902381,1764589710.720718384
trajectory,,map,,,6.598430162,-14.521402751,1764589711.028553963
trajectory,,map,,,7.039995403,-14.983853645,1764589711.433676481
trajectory,,map,,,7.472179613,-15.451347138,1764589711.838796616
trajectory,,map,,,7.827729761,-15.906033079,1764589712.247918367
trajectory,,map,,,8.132021883,-16.315188155,1764589712.551758289
trajectory,,map,,,8.550050686,-16.775077860,1764589712.960878372
trajectory,,map,,,8.888062116,-17.227174834,1764589713.366005659
trajectory,,map,,,9.258135135,-17.683234674,1764589713.771125793
trajectory,,map,,,9.541357110,-18.077949671,1764589714.180270433
trajectory,,map,,,9.834105731,-18.568122338,1764589714.585390329
trajectory,,map,,,10.158053953,-19.049492905,1764589714.994524717
trajectory,,map,,,10.400389631,-19.535920410,1764589715.399653435
trajectory,,map,,,10.656046349,-20.103993871,1764589715.804773331
trajectory,,map,,,10.895963925,-20.629368062,1764589716.213895082
trajectory,,map,,,11.115617763,-21.181734678,1764589716.619015217
trajectory,,map,,,11.408627036,-21.732491885,1764589717.027684927
trajectory,,map,,,11.654143155,-22.238361019,1764589717.432817221
trajectory,,map,,,11.909581422,-22.828331989,1764589717.837937117
trajectory,,map,,,12.234214635,-23.330154147,1764589718.246578932
trajectory,,map,,,12.528439310,-23.845889885,1764589718.651698828
trajectory,,map,,,12.861253450,-24.357192360,1764589719.060340405
trajectory,,map,,,13.147117324,-24.817442762,1764589719.465460539
trajectory,,map,,,13.451515567,-25.323424999,1764589719.874584913
trajectory,,map,,,13.755134523,-25.776836415,1764589720.279701948
trajectory,,map,,,14.008477275,-26.252509673,1764589720.684822083
trajectory,,map,,,14.273170410,-26.816206184,1764589721.093962669
trajectory,,map,,,14.525388200,-27.315330264,1764589721.499082804
trajectory,,map,,,14.767554514,-27.878679578,1764589721.908192158
trajectory,,map,,,15.057227120,-28.447678703,1764589722.313322306
trajectory,,map,,,15.314574229,-28.999139493,1764589722.718442202
trajectory,,map,,,15.534355509,-29.450708046,1764589723.026266336
trajectory,,map,,,15.838616171,-29.991218839,1764589723.431397676
trajectory,,map,,,16.098279530,-30.554462130,1764589723.836517572
trajectory,,map,,,16.324988951,-31.001134575,1764589724.144333601
trajectory,,map,,,16.595067499,-31.531681134,1764589724.549453497
trajectory,,map,,,16.849555232,-32.091342195,1764589724.958543777
trajectory,,map,,,17.166488275,-32.600801107,1764589725.363661766
trajectory,,map,,,17.459767234,-33.089251631,1764589725.768781900
trajectory,,map,,,17.778037184,-33.636355875,1764589726.177866697
trajectory,,map,,,18.093644612,-34.110054423,1764589726.582986832
trajectory,,map,,,18.386496331,-34.631701784,1764589726.992033243
trajectory,,map,,,18.646727213,-35.119420044,1764589727.397157907
trajectory,,map,,,18.845315135,-35.590957059,1764589727.802277803
trajectory,,map,,,19.071700717,-36.173434027,1764589728.210908413
trajectory,,map,,,19.247480030,-36.695964062,1764589728.616028309
trajectory,,map,,,19.376802470,-37.259033525,1764589729.024720192
trajectory,,map,,,19.491712833,-37.826362284,1764589729.429851055
trajectory,,map,,,19.593140059,-38.360765629,1764589729.834971189
trajectory,,map,,,19.677014941,-38.921252581,1764589730.243690968
trajectory,,map,,,19.683828604,-39.516654447,1764589730.750091076
trajectory,,map,,,19.649889274,-40.120286192,1764589731.260573149
trajectory,,map,,,19.695072621,-40.639698657,1764589731.973533630
trajectory,,map,,,19.659583551,-40.790963854,1764589732.277375221
trajectory,,map,,,19.600582655,-40.889483523,1764589732.479935169
trajectory,,map,,,19.587499571,-40.996356480,1764589732.783775330
trajectory,,map,,,19.636490747,-41.067320548,1764589733.091617346
trajectory,,map,,,19.654534222,-41.086650158,1764589733.294177294
trajectory,,map,,,19.615802117,-41.123720515,1764589733.598017216
trajectory,,map,,,19.530640049,-41.256376877,1764589734.209719181
trajectory,,map,,,19.622801178,-41.287951357,1764589734.716119289
trajectory,,map,,,19.650035196,-41.107190131,1764589751.901076794
trajectory,,map,,,19.720299026,-40.988160015,1764589752.204931021
trajectory,,map,,,19.792703646,-40.871525760,1764589752.407490969
trajectory,,map,,,19.872407836,-40.490226326,1764589752.917877197
trajectory,,map,,,19.927886579,-40.186784158,1764589753.221732140
trajectory,,map,,,19.961998303,-39.925513737,1764589753.424292088
trajectory,,map,,,19.909737985,-39.559669628,1764589753.728132010
trajectory,,map,,,19.858139690,-38.988934690,1764589754.238533258
trajectory,,map,,,19.892496166,-38.408087536,1764589754.643653393
trajectory,,map,,,19.880434117,-37.833872719,1764589755.052766323
trajectory,,map,,,19.876510896,-37.308412480,1764589755.457895279
trajectory,,map,,,19.848615604,-36.823421803,1764589755.761735201
trajectory,,map,,,19.714412807,-36.255970873,1764589756.170857668
trajectory,,map,,,19.579058811,-35.708432064,1764589756.575977802
trajectory,,map,,,19.402061413,-35.251753587,1764589756.883823156
trajectory,,map,,,19.102826098,-34.731635583,1764589757.288940191
trajectory,,map,,,18.831485515,-34.262334807,1764589757.694060326
trajectory,,map,,,18.471382526,-33.732521500,1764589758.103200912
trajectory,,map,,,18.089754222,-33.305617235,1764589758.508321047
trajectory,,map,,,17.788921757,-32.810722650,1764589758.916972399
trajectory,,map,,,17.467131183,-32.330927753,1764589759.322098494
trajectory,,map,,,17.209784761,-31.875068636,1764589759.727218390
trajectory,,map,,,16.995560582,-31.333322900,1764589760.135857821
trajectory,,map,,,16.755119356,-30.838931632,1764589760.540977955
trajectory,,map,,,16.579443376,-30.342111384,1764589760.949601889
trajectory,,map,,,16.334784027,-29.742150687,1764589761.354718447
trajectory,,map,,,16.021765602,-29.215424624,1764589761.759838581
trajectory,,map,,,15.728317678,-28.659102955,1764589762.168479681
trajectory,,map,,,15.486078577,-28.227910859,1764589762.472319841
trajectory,,map,,,15.212744694,-27.721178280,1764589762.881448507
trajectory,,map,,,14.926155302,-27.196302935,1764589763.286581278
trajectory,,map,,,14.579385206,-26.654640928,1764589763.691701174
trajectory,,map,,,14.283603173,-26.164808194,1764589764.100823402
trajectory,,map,,,14.056182816,-25.716661593,1764589764.404663324
trajectory,,map,,,13.732111431,-25.177943102,1764589764.809783220
trajectory,,map,,,13.432094722,-24.633703554,1764589765.218904972
trajectory,,map,,,13.172169740,-24.176527515,1764589765.522745132
trajectory,,map,,,12.870074206,-23.612815759,1764589765.931870461
trajectory,,map,,,12.693533995,-23.033768668,1764589766.336986542
trajectory,,map,,,12.502464303,-22.546027508,1764589766.640826702
trajectory,,map,,,12.232207749,-21.975900100,1764589767.049956083
trajectory,,map,,,11.984781463,-21.364968087,1764589767.455087900
trajectory,,map,,,11.660889784,-20.792343835,1764589767.864198923
trajectory,,map,,,11.391676099,-20.271075635,1764589768.269327879
trajectory,,map,,,11.159830298,-19.804379910,1764589768.573167801
trajectory,,map,,,10.829726803,-19.250619902,1764589768.982280254
trajectory,,map,,,10.565187818,-18.701029737,1764589769.387408733
trajectory,,map,,,10.335637875,-18.232185670,1764589769.691248655
trajectory,,map,,,10.017746232,-17.699377891,1764589770.099909306
trajectory,,map,,,9.754174496,-17.150841759,1764589770.505029440
trajectory,,map,,,9.461979821,-16.595264686,1764589770.913665533
trajectory,,map,,,9.211736503,-16.093539409,1764589771.318790436
trajectory,,map,,,8.973861719,-15.504639158,1764589771.723910332
trajectory,,map,,,8.722789898,-14.981613579,1764589772.132551432
trajectory,,map,,,8.582259610,-14.451775319,1764589772.537671328
trajectory,,map,,,8.447071623,-13.858455166,1764589772.946791887
trajectory,,map,,,8.306274565,-13.343870282,1764589773.351912260
trajectory,,map,,,8.274236701,-12.782276960,1764589773.757032156
trajectory,,map,,,8.239656990,-12.230843065,1764589774.166152477
trajectory,,map,,,8.226644512,-11.855869256,1764589774.469992399
trajectory,,map,,,8.305919706,-11.284828235,1764589774.879115343
trajectory,,map,,,8.409309024,-10.721983413,1764589775.284232378
trajectory,,map,,,8.569757627,-10.201018244,1764589775.689352512
trajectory,,map,,,8.830766158,-9.647374095,1764589776.098471165
trajectory,,map,,,9.062573232,-9.113120668,1764589776.503591061
trajectory,,map,,,9.381003840,-8.628496902,1764589776.912708759
trajectory,,map,,,9.758188728,-8.201229866,1764589777.317829132
trajectory,,map,,,10.155196248,-7.833835936,1764589777.722949028
trajectory,,map,,,10.670721604,-7.580280176,1764589778.131988049
trajectory,,map,,,11.180157857,-7.400630950,1764589778.537107944
trajectory,,map,,,11.674989975,-7.243853379,1764589778.946214676
trajectory,,map,,,12.248220075,-7.074152431,1764589779.351346016
trajectory,,map,,,12.742069409,-6.874872732,1764589779.756465912
trajectory,,map,,,13.240821232,-6.688266134,1764589780.165105820
trajectory,,map,,,13.805154344,-6.456057659,1764589780.570225954
trajectory,,map,,,14.287435183,-6.181438525,1764589780.978867054
trajectory,,map,,,14.780673029,-5.922605465,1764589781.383986712
trajectory,,map,,,15.270391289,-5.630427473,1764589781.789106607
trajectory,,map,,,15.784916575,-5.309145623,1764589782.299028635
trajectory,,map,,,16.289388004,-5.083788969,1764589782.704148769
trajectory,,map,,,16.848525659,-4.834740507,1764589783.214090824
trajectory,,map,,,17.451160852,-4.729854548,1764589783.720490694
trajectory,,map,,,17.966207789,-4.697267086,1764589784.129613400
trajectory,,map,,,18.330493939,-4.694264669,1764589784.433453321
trajectory,,map,,,18.838268164,-4.757207816,1764589784.838573217
trajectory,,map,,,19.354143124,-4.842586218,1764589785.247695208
trajectory,,map,,,19.596823675,-4.899335832,1764589785.450255156
trajectory,,map,,,19.908565820,-5.023857657,1764589785.754095078
trajectory,,map,,,20.220398935,-5.209186662,1764589786.061944246
trajectory,,map,,,20.593668529,-5.336873930,1764589786.467076063
trajectory,,map,,,21.190828235,-5.478702712,1764589787.078756332
trajectory,,map,,,21.720106862,-5.468277258,1764589787.686436415
trajectory,,map,,,22.067872212,-5.371458423,1764589788.298116922
trajectory,,map,,,22.204706544,-5.069898237,1764589789.112356424
trajectory,,map,,,22.275334841,-4.976588462,1764589789.416196346
trajectory,,map,,,22.313401583,-5.004517552,1764589804.867493391
trajectory,,map,,,22.184489297,-5.044407112,1764589805.074054956
trajectory,,map,,,22.024376619,-5.035655287,1764589805.276614904
trajectory,,map,,,21.869131614,-4.971711046,1764589805.479174852
trajectory,,map,,,21.730315644,-4.883352174,1764589805.681734800
trajectory,,map,,,21.535866808,-4.766991315,1764589806.192136526
trajectory,,map,,,21.522322786,-4.757472507,1764589806.293416500
trajectory,,map,,,21.515850627,-4.743348628,1764589806.394696474
trajectory,,map,,,21.514663021,-4.701961323,1764589806.495976448
trajectory,,map,,,21.518850299,-4.638392148,1764589806.597256422
trajectory,,map,,,21.527445163,-4.551838926,1764589806.698536396
trajectory,,map,,,21.529947921,-4.449693143,1764589806.799816370
trajectory,,map,,,21.515580424,-4.336187986,1764589806.905104160
trajectory,,map,,,21.462387798,-4.064053015,1764589807.107677460
trajectory,,map,,,21.425239122,-3.918445009,1764589807.208957434
trajectory,,map,,,21.380812119,-3.771198014,1764589807.310237408
trajectory,,map,,,21.331098923,-3.627565814,1764589807.411517382
trajectory,,map,,,21.279895093,-3.487262612,1764589807.512797356
trajectory,,map,,,21.230595909,-3.349930654,1764589807.614077330
trajectory,,map,,,21.189395060,-3.216561192,1764589807.715357542
trajectory,,map,,,21.137063122,-2.962028137,1764589807.921909571
trajectory,,map,,,21.084761301,-2.753357450,1764589808.124479055
trajectory,,map,,,21.082795506,-2.239732680,1764589808.630878925
trajectory,,map,,,21.245084352,-1.758501148,1764589809.039995432
trajectory,,map,,,21.356511030,-1.260882495,1764589809.445120335
trajectory,,map,,,21.490407162,-0.953135282,1764589809.748960257
trajectory,,map,,,21.614775629,-0.796796319,1764589809.955520153
trajectory,,map,,,21.731747341,-0.650467796,1764589810.158081532
trajectory,,map,,,21.838532365,-0.502592717,1764589810.360641479
trajectory,,map,,,21.884103287,-0.431430437,1764589810.461921453
trajectory,,map,,,21.950834899,-0.271561511,1764589810.664481640
trajectory,,map,,,22.073089957,-0.024010007,1764589810.972325325
trajectory,,map,,,22.451608267,0.464108050,1764589811.478722811
trajectory,,map,,,22.812591770,0.974046816,1764589811.988670349
trajectory,,map,,,23.184322990,1.317711847,1764589812.393804312
trajectory,,map,,,23.591850391,1.699405892,1764589812.904194832
trajectory,,map,,,23.949187842,2.056084769,1764589813.309325218
trajectory,,map,,,24.384930964,2.458197568,1764589813.714445353
trajectory,,map,,,24.708037085,2.932241976,1764589814.224847078
trajectory,,map,,,25.026884019,3.376996841,1764589814.731247187
trajectory,,map,,,25.233374829,3.755832281,1764589815.241651297
trajectory,,map,,,25.255836591,3.899812443,1764589815.444211245
trajectory,,map,,,25.287424393,4.004442903,1764589815.646771193
trajectory,,map,,,25.359297569,4.091826446,1764589815.849331141
trajectory,,map,,,25.458576975,4.232278912,1764589816.157672882
trajectory,,map,,,25.440324434,4.433449921,1764589816.461513042
trajectory,,map,,,25.430916277,4.631241761,1764589816.664072990
trajectory,,map,,,25.326114065,5.119142795,1764589817.681354046
trajectory,,map,,,25.783834015,5.325158559,1764589818.698635340
trajectory,,map,,,26.017650867,5.046875645,1764589819.310796022
trajectory,,map,,,26.184203997,4.887013622,1764589820.226797581
trajectory,,map,,,26.131600737,4.884130126,1764589833.752967834
trajectory,,map,,,26.038132207,4.951020893,1764589833.959522963
trajectory,,map,,,25.962775167,5.044057823,1764589834.162087917
trajectory,,map,,,25.913617472,5.158713432,1764589834.465927839
trajectory,,map,,,25.774715019,5.175333052,1764589835.178889513
trajectory,,map,,,25.855739639,5.231257385,1764589835.482729435
trajectory,,map,,,25.965420216,5.341779122,1764589835.786569357
trajectory,,map,,,25.939034316,5.233071066,1764589837.212970972
trajectory,,map,,,26.039888795,5.304917142,1764589837.415530920
trajectory,,map,,,26.134266749,5.415774704,1764589837.618091106
trajectory,,map,,,26.241965173,5.539890076,1764589837.820651054
trajectory,,map,,,26.376840997,5.639236735,1764589838.027695179
trajectory,,map,,,26.448372757,5.684766328,1764589838.128972054
trajectory,,map,,,26.607715993,5.724087041,1764589838.331532001
trajectory,,map,,,26.771341261,5.696242005,1764589838.534091949
trajectory,,map,,,27.048102503,5.429107053,1764589838.943697691
trajectory,,map,,,27.174502123,5.220751845,1764589839.146272182
trajectory,,map,,,27.217826860,5.113438869,1764589839.247552156
trajectory,,map,,,27.239206721,5.015861746,1764589839.348832369
trajectory,,map,,,27.243234596,4.924049845,1764589839.450112343
trajectory,,map,,,27.235439555,4.830141855,1764589839.551392317
trajectory,,map,,,27.224602552,4.606754414,1764589839.753952265
trajectory,,map,,,27.198320858,4.401276083,1764589839.960977554
trajectory,,map,,,27.176472078,4.230353370,1764589840.163551807
trajectory,,map,,,27.166927633,4.073773792,1764589840.366111755
trajectory,,map,,,27.133471016,3.815928046,1764589840.669951677
trajectory,,map,,,27.080581719,3.216431348,1764589841.180812359
trajectory,,map,,,27.185553449,2.641477799,1764589841.788492203
trajectory,,map,,,27.249694442,2.094329895,1764589842.299392462
trajectory,,map,,,27.394069955,1.586939183,1764589842.805792570
trajectory,,map,,,27.600988418,1.129656572,1764589843.113653183
trajectory,,map,,,27.716803750,0.851672474,1764589843.316213131
trajectory,,map,,,27.849889423,0.593266481,1764589843.518773317
trajectory,,map,,,28.008232533,0.353479959,1764589843.721333265
trajectory,,map,,,28.172424248,0.161668908,1764589843.927881718
trajectory,,map,,,28.586993717,-0.237550152,1764589844.434294462
trajectory,,map,,,28.780721301,-0.393143024,1764589844.636854410
trajectory,,map,,,29.019065009,-0.530236873,1764589844.839414597
trajectory,,map,,,29.270597776,-0.618018736,1764589845.045965672
trajectory,,map,,,29.501741498,-0.663819877,1764589845.248535633
trajectory,,map,,,29.732830368,-0.662148623,1764589845.451095581
trajectory,,map,,,29.945210526,-0.628964605,1764589845.653655529
trajectory,,map,,,30.046663021,-0.598107810,1764589845.754935503
trajectory,,map,,,30.158777482,-0.571128153,1764589845.856215477
trajectory,,map,,,30.257465403,-0.542730927,1764589845.961489916
trajectory,,map,,,30.343910577,-0.497525057,1764589846.062769890
trajectory,,map,,,30.464117097,-0.367384884,1764589846.265336514
trajectory,,map,,,30.556414629,-0.220852543,1764589846.467896461
trajectory,,map,,,30.679529760,-0.052012347,1764589846.771736622
trajectory,,map,,,30.747743107,0.052474457,1764589846.978774548
trajectory,,map,,,30.819537385,0.129310734,1764589847.181337595
trajectory,,map,,,31.025844932,0.274613685,1764589848.705018997
trajectory,,map,,,31.161398342,0.306614934,1764589848.912062407
trajectory,,map,,,31.240796197,0.300300421,1764589849.114619493
trajectory,,map,,,31.289290876,0.291460761,1764589849.317179441
trajectory,,map,,,31.333355490,0.301099098,1764589849.621019363
trajectory,,map,,,31.187956486,0.354826710,1764589867.625855207
trajectory,,map,,,31.364433151,0.482723970,1764589868.541376114
trajectory,,map,,,31.284747005,0.799236114,1764589869.052246809
trajectory,,map,,,31.233210110,0.909182246,1764589869.153537273
trajectory,,map,,,31.111686326,1.130146630,1764589869.356097221
trajectory,,map,,,31.050488203,1.248672228,1764589869.457377195
trajectory,,map,,,30.983663815,1.369668208,1764589869.558657169
trajectory,,map,,,30.906232026,1.486295862,1764589869.659937382
trajectory,,map,,,30.816911876,1.599542340,1764589869.761217356
trajectory,,map,,,30.722157375,1.685372712,1764589869.862497330
trajectory,,map,,,30.624900818,1.760476616,1764589869.967831135
trajectory,,map,,,30.449186714,1.874083720,1764589870.170398235
trajectory,,map,,,30.241442643,2.036938250,1764589870.474238157
trajectory,,map,,,30.119008089,2.260875582,1764589870.778078318
trajectory,,map,,,30.050003663,2.453152444,1764589870.985055208
trajectory,,map,,,29.773934458,2.933782559,1764589871.491458893
trajectory,,map,,,29.447535689,3.348281243,1764589871.901057482
trajectory,,map,,,29.193873517,3.742372700,1764589872.204899549
trajectory,,map,,,29.109944910,3.999259964,1764589872.407459497
trajectory,,map,,,29.087550695,4.112803194,1764589872.508739471
trajectory,,map,,,29.068655179,4.218334853,1764589872.610019684
trajectory,,map,,,29.057989665,4.311853897,1764589872.711299658
trajectory,,map,,,29.043730229,4.395013045,1764589872.812579632
trajectory,,map,,,29.037405472,4.476853986,1764589872.918340445
trajectory,,map,,,29.032033098,4.650475422,1764589873.120900393
trajectory,,map,,,29.052240569,4.860146962,1764589873.323460340
trajectory,,map,,,29.065316576,5.274978852,1764589873.728580236
trajectory,,map,,,29.055787429,5.472326773,1764589873.935623646
trajectory,,map,,,29.148563766,5.909880807,1764589874.340741158
trajectory,,map,,,29.304230592,6.268256464,1764589874.644581079
trajectory,,map,,,29.398952139,6.592599790,1764589874.952907085
trajectory,,map,,,29.480915496,6.804399582,1764589875.155462503
trajectory,,map,,,29.761081627,7.261407360,1764589875.560582399
trajectory,,map,,,30.086832068,7.761237253,1764589875.969731569
trajectory,,map,,,30.393651250,8.189062277,1764589876.374863625
trajectory,,map,,,30.822605284,8.562956900,1764589876.779983521
trajectory,,map,,,31.200883717,8.940016901,1764589877.189104557
trajectory,,map,,,31.398696096,9.119825472,1764589877.391664743
trajectory,,map,,,31.742995117,9.390057590,1764589877.695504665
trajectory,,map,,,32.134864919,9.640401767,1764589878.003341198
trajectory,,map,,,32.561928927,9.915155533,1764589878.408465385
trajectory,,map,,,33.049575683,10.145088989,1764589878.813585520
trajectory,,map,,,33.585714479,10.334975835,1764589879.223186731
trajectory,,map,,,34.104274331,10.447812933,1764589879.628306627
trajectory,,map,,,34.681750566,10.590225671,1764589880.037908316
trajectory,,map,,,35.238588618,10.692354187,1764589880.443027020
trajectory,,map,,,35.770108981,10.798846582,1764589880.848146915
trajectory,,map,,,36.213419666,10.906863125,1764589881.156466484
trajectory,,map,,,36.708273910,11.061086739,1764589881.561586380
trajectory,,map,,,37.250772576,11.133336802,1764589882.072466135
trajectory,,map,,,37.573234579,11.107849924,1764589882.988466263
trajectory,,map,,,37.551146847,11.103496703,1764589883.089747190
trajectory,,map,,,37.479380194,11.068640151,1764589883.292307138
trajectory,,map,,,37.258151631,10.991646099,1764589883.798707247
trajectory,,map,,,37.083805843,10.866134995,1764589884.512148142
trajectory,,map,,,37.019226630,10.819869668,1764589884.714708328
trajectory,,map,,,36.906173889,10.762911847,1764589885.023033619
trajectory,,map,,,36.441308701,10.685625435,1764589885.630709171
trajectory,,map,,,36.178359954,10.704304199,1764589885.938578367
trajectory,,map,,,35.998185433,10.757781062,1764589886.141150475
trajectory,,map,,,35.833019616,10.817432871,1764589886.343710423
trajectory,,map,,,35.322115193,10.938125065,1764589886.955382347
trajectory,,map,,,34.929493053,10.937902935,1764589887.360511541
trajectory,,map,,,34.718904157,10.896699759,1764589887.563071489
trajectory,,map,,,34.342116275,10.635168450,1764589888.073465586
trajectory,,map,,,33.987565359,10.236425583,1764589888.681152344
trajectory,,map,,,33.784173554,9.766615630,1764589889.293313026
trajectory,,map,,,33.589350136,9.292343608,1764589890.006750822
trajectory,,map,,,33.543271455,9.005176460,1764589890.411873341
trajectory,,map,,,33.810359929,8.687634805,1764589891.125314236
trajectory,,map,,,33.940794449,8.575199876,1764589891.631714344
trajectory,,map,,,34.104721125,8.467007720,1764589892.142595053
trajectory,,map,,,34.151369364,8.391440243,1764589893.058598995
trajectory,,map,,,33.917857743,8.675632318,1764589917.774389744
trajectory,,map,,,33.927819693,8.814294981,1764589917.981325388
trajectory,,map,,,33.956514028,8.981031030,1764589918.183898211
trajectory,,map,,,33.959876181,9.140295832,1764589918.386458158
trajectory,,map,,,33.944357482,9.310671241,1764589918.589018106
trajectory,,map,,,33.923715282,9.462857652,1764589918.791578054
trajectory,,map,,,33.912487983,9.588533720,1764589918.998102427
trajectory,,map,,,33.918807563,9.703418524,1764589919.200659513
trajectory,,map,,,33.951531564,9.839114508,1764589919.403219461
trajectory,,map,,,34.168829054,10.307114724,1764589919.913631916
trajectory,,map,,,34.424113606,10.818303223,1764589920.420034885
trajectory,,map,,,34.705939263,11.231095006,1764589920.825154781
trajectory,,map,,,35.040710092,11.629465930,1764589921.234333038
trajectory,,map,,,35.356692305,11.998310586,1764589921.639452934
trajectory,,map,,,35.533879297,12.156066461,1764589921.842012882
trajectory,,map,,,35.916720741,12.538345548,1764589922.251679659
trajectory,,map,,,36.286653989,12.843516089,1764589922.656799793
trajectory,,map,,,36.776385812,13.214040344,1764589923.167643070
trajectory,,map,,,36.986732985,13.378490400,1764589923.370203018
trajectory,,map,,,37.372500571,13.617156266,1764589923.775323153
trajectory,,map,,,37.669994470,13.734566786,1764589924.083646297
trajectory,,map,,,38.135596288,13.953649426,1764589924.488770008
trajectory,,map,,,38.677415887,14.230360063,1764589924.999673367
trajectory,,map,,,39.124743569,14.448168838,1764589925.404792309
trajectory,,map,,,39.574419859,14.734036154,1764589925.809912205
trajectory,,map,,,40.089014348,15.010264092,1764589926.320814133
trajectory,,map,,,40.600172541,15.347381183,1764589926.827214003
trajectory,,map,,,41.061060505,15.643000114,1764589927.338096142
trajectory,,map,,,41.243060609,15.737126134,1764589927.540656090
trajectory,,map,,,41.652041458,15.999404879,1764589927.950258493
trajectory,,map,,,42.085750209,16.285980662,1764589928.456659555
trajectory,,map,,,42.559536563,16.537216785,1764589928.967090845
trajectory,,map,,,43.000495159,16.821398377,1764589929.473501921
trajectory,,map,,,43.490268124,17.152238282,1764589930.085184097
trajectory,,map,,,43.987400101,17.456611758,1764589930.692863941
trajectory,,map,,,44.447835124,17.749426050,1764589931.304544926
trajectory,,map,,,44.828952857,17.929447905,1764589931.709665060
trajectory,,map,,,45.292553423,18.239098633,1764589932.321366310
trajectory,,map,,,45.808669437,18.513816538,1764589932.933516264
trajectory,,map,,,46.032298436,18.600079787,1764589933.237367630
trajectory,,map,,,46.260906969,18.665823193,1764589933.541207552
trajectory,,map,,,46.795872050,18.736912873,1764589934.153369427
trajectory,,map,,,47.318108774,18.839369352,1764589934.968088627
trajectory,,map,,,47.636663848,18.726128529,1764589935.474489927
trajectory,,map,,,47.668756138,18.655050767,1764589935.677049875
trajectory,,map,,,47.664133989,18.620365429,1764589935.778329849
trajectory,,map,,,47.649496122,18.588523618,1764589935.879609823
trajectory,,map,,,47.622579665,18.590200966,1764589935.985371351
trajectory,,map,,,47.596327421,18.609155295,1764589936.086651087
trajectory,,map,,,47.565744616,18.651086732,1764589936.187931061
trajectory,,map,,,47.527259103,18.705575834,1764589936.289211035
trajectory,,map,,,47.483384459,18.765905292,1764589936.390491247
trajectory,,map,,,47.437847510,18.832997662,1764589936.491771221
trajectory,,map,,,47.392581794,18.905177525,1764589936.593051195
trajectory,,map,,,47.346720973,18.975551703,1764589936.694331169
trajectory,,map,,,47.302811340,19.043781115,1764589936.795611143
trajectory,,map,,,47.250777759,19.102386706,1764589936.901376009
trajectory,,map,,,47.144011854,19.196412352,1764589937.103932381
trajectory,,map,,,47.057095006,19.268860499,1764589937.306492329
trajectory,,map,,,46.991386497,19.297452204,1764589937.509052515
trajectory,,map,,,46.924723317,19.280327918,1764589937.711612463
trajectory,,map,,,46.417755834,19.321149839,1764589938.830192566
trajectory,,map,,,46.124823724,19.259220977,1764589939.441891909
trajectory,,map,,,46.006953839,19.282611435,1764589939.952276707
trajectory,,map,,,45.792432355,19.396775760,1764589940.357391834
trajectory,,map,,,45.672905179,19.388082448,1764589940.559951782
trajectory,,map,,,45.534695675,19.278987778,1764589940.863791943
trajectory,,map,,,45.425973584,19.129928556,1764589941.171707153
trajectory,,map,,,45.288697944,18.908083568,1764589941.678107023
trajectory,,map,,,45.097232951,18.720313642,1764589942.087147236
trajectory,,map,,,44.997433555,18.222154518,1764589943.205708504
trajectory,,map,,,44.910337389,17.749521556,1764589944.121710777
trajectory,,map,,,44.957424796,17.702603283,1764589944.628110886
trajectory,,map,,,45.022778214,17.754314231,1764589944.936431646
trajectory,,map,,,45.071460030,17.806760074,1764589945.138991833
trajectory,,map,,,45.110021448,17.856202038,1764589945.341551781
trajectory,,map,,,44.865759635,17.743392519,1764589946.156273127
trajectory,,map,,,44.849270072,17.643446846,1764589946.358833075
trajectory,,map,,,45.125690289,17.218826423,1764589947.072280169
trajectory,,map,,,45.319237579,16.780548019,1764589947.988285542
trajectory,,map,,,45.528051832,16.576030382,1764589948.697254658
trajectory,,map,,,45.514700674,16.882785337,1764589967.819271564
trajectory,,map,,,45.536378457,17.145006559,1764589968.127592802
trajectory,,map,,,45.563951711,17.387133206,1764589968.330152750
trajectory,,map,,,45.625220573,17.651939230,1764589968.532712698
trajectory,,map,,,45.704087854,17.887283887,1764589968.735272646
trajectory,,map,,,45.751820237,17.991813851,1764589968.836552620
trajectory,,map,,,45.794080523,18.092234892,1764589968.942314148
trajectory,,map,,,45.868963593,18.225802895,1764589969.144874096
trajectory,,map,,,45.951362114,18.337633557,1764589969.347434044
trajectory,,map,,,46.076826295,18.517962550,1764589969.651273966
trajectory,,map,,,46.383143702,18.921199388,1764589970.162154913
trajectory,,map,,,46.563501017,19.140948815,1764589970.465995073
trajectory,,map,,,47.002480825,19.514989397,1764589970.976882219
trajectory,,map,,,47.491544453,19.876505562,1764589971.483295441
trajectory,,map,,,48.004633626,20.193026197,1764589971.993703365
trajectory,,map,,,48.313232090,20.426700255,1764589972.297556400
trajectory,,map,,,48.702306054,20.816307798,1764589972.803956509
trajectory,,map,,,49.123994582,21.204451517,1764589973.314356804
trajectory,,map,,,49.578845279,21.539775697,1764589973.820756674
trajectory,,map,,,50.039196278,21.849559127,1764589974.331637859
trajectory,,map,,,50.410775842,22.218141698,1764589974.838037729
trajectory,,map,,,50.696134176,22.728860640,1764589975.450198174
trajectory,,map,,,51.019759747,23.159641875,1764589976.062353849
trajectory,,map,,,51.170588685,23.417172035,1764589976.366199017
trajectory,,map,,,51.571185303,23.852261917,1764589976.978357553
trajectory,,map,,,51.951742475,24.081406390,1764589977.484760046
trajectory,,map,,,52.184879819,24.197051677,1764589977.788599968
trajectory,,map,,,52.714648161,24.355534567,1764589978.400760889
trajectory,,map,,,53.188615497,24.617425604,1764589979.114202023
trajectory,,map,,,53.272472087,24.721909280,1764589979.316762209
trajectory,,map,,,53.408768397,24.838908176,1764589979.620602131
trajectory,,map,,,53.501506970,25.259656448,1764589980.131483078
trajectory,,map,,,53.455960742,25.440424626,1764589980.334043026
trajectory,,map,,,53.415504552,25.563800846,1764589980.536603212
trajectory,,map,,,53.398402826,25.592908086,1764589980.637883186
trajectory,,map,,,53.382807928,25.601279443,1764589980.739163160
trajectory,,map,,,53.382001115,25.587804571,1764589980.840443134
trajectory,,map,,,53.406351660,25.519244367,1764589981.047491789
trajectory,,map,,,53.511666519,25.384607921,1764589981.351344347
trajectory,,map,,,53.677044171,25.029035392,1764589982.064316273
trajectory,,map,,,53.690964985,24.786225834,1764589983.790084124
trajectory,,map,,,53.684502162,24.877514634,1764589984.300483942
trajectory,,map,,,53.714652723,24.767103040,1764589985.216003656
trajectory,,map,,,53.808523160,24.610767104,1764589985.823683500
trajectory,,map,,,53.759294632,24.616723928,1764590005.053857803
trajectory,,map,,,53.842633864,24.750086768,1764590005.458982706
trajectory,,map,,,53.797678941,24.962251613,1764590005.969861984
trajectory,,map,,,53.413473558,25.172196364,1764590006.780103445
trajectory,,map,,,52.814588524,25.033716757,1764590007.392744541
trajectory,,map,,,52.549051245,24.934379239,1764590007.595304489
trajectory,,map,,,52.082235641,24.730744830,1764590008.005388737
trajectory,,map,,,51.622462084,24.439738116,1764590008.410506010
trajectory,,map,,,51.275251798,24.127859972,1764590008.714345932
trajectory,,map,,,50.951839185,23.713900427,1764590009.124447346
trajectory,,map,,,50.600502803,23.300866123,1764590009.529567242
trajectory,,map,,,50.225599070,22.850928237,1764590009.939638853
trajectory,,map,,,49.979517782,22.582822014,1764590010.243488073
trajectory,,map,,,49.519712275,22.278772923,1764590010.648607969
trajectory,,map,,,49.025814292,21.978794016,1764590011.058603048
trajectory,,map,,,48.696886437,21.792886816,1764590011.362449884
trajectory,,map,,,48.161649876,21.494230273,1764590011.767570019
trajectory,,map,,,47.879240959,21.326528290,1764590011.975088596
trajectory,,map,,,47.546123150,21.126161084,1764590012.278930664
trajectory,,map,,,47.068515096,20.877928002,1764590012.684050798
trajectory,,map,,,46.636868500,20.620588303,1764590012.992852211
trajectory,,map,,,46.197682486,20.310745801,1764590013.397971392
trajectory,,map,,,45.722555687,20.018869189,1764590013.803091526
trajectory,,map,,,45.245753393,19.681552414,1764590014.212712765
trajectory,,map,,,44.832241047,19.370998210,1764590014.617832661
trajectory,,map,,,44.324231511,19.007856478,1764590015.027440071
trajectory,,map,,,43.865065678,18.633739379,1764590015.432574034
trajectory,,map,,,43.420152183,18.310275388,1764590015.837693930
trajectory,,map,,,42.908283269,17.925844869,1764590016.247295380
trajectory,,map,,,42.501741130,17.599095516,1764590016.652415514
trajectory,,map,,,42.138374754,17.395229195,1764590016.960731745
trajectory,,map,,,41.595321957,17.055948346,1764590017.365856409
trajectory,,map,,,41.112382244,16.760695713,1764590017.770976543
trajectory,,map,,,40.569201836,16.448411173,1764590018.181056976
trajectory,,map,,,40.096140219,16.071196216,1764590018.586177111
trajectory,,map,,,39.632022685,15.748116109,1764590018.996257782
trajectory,,map,,,39.105743353,15.388920668,1764590019.401378155
trajectory,,map,,,38.664225451,15.036569598,1764590019.806498051
trajectory,,map,,,38.126768512,14.704486846,1764590020.216579437
trajectory,,map,,,37.608387583,14.331440428,1764590020.621699333
trajectory,,map,,,37.113211085,13.991159019,1764590021.031786442
trajectory,,map,,,36.574873684,13.618472205,1764590021.436920643
trajectory,,map,,,36.348073613,13.422110529,1764590021.639480591
trajectory,,map,,,35.878478134,13.112466829,1764590022.049550772
trajectory,,map,,,35.330577365,12.739569549,1764590022.454681396
trajectory,,map,,,34.803415937,12.420854131,1764590022.859801292
trajectory,,map,,,34.258806004,12.124024273,1764590023.269882679
trajectory,,map,,,33.767529518,11.742033840,1764590023.675002575
trajectory,,map,,,33.317317899,11.413774913,1764590024.085078239
trajectory,,map,,,32.794903071,11.005583516,1764590024.490203619
trajectory,,map,,,32.356926594,10.614753231,1764590024.895323753
trajectory,,map,,,31.901844887,10.241574139,1764590025.304945230
trajectory,,map,,,31.537179540,9.915331217,1764590025.608785152
trajectory,,map,,,31.114214872,9.516303797,1764590026.018388748
trajectory,,map,,,30.648460645,9.138864445,1764590026.423506975
trajectory,,map,,,30.169814695,8.703484939,1764590026.828626871
trajectory,,map,,,29.746709026,8.326474579,1764590027.238249302
trajectory,,map,,,29.295540223,7.861045640,1764590027.643369198
trajectory,,map,,,28.921641444,7.408960695,1764590028.053445339
trajectory,,map,,,28.565614386,6.957794816,1764590028.458570957
trajectory,,map,,,28.166148883,6.450318089,1764590028.863691092
trajectory,,map,,,27.786940429,6.021159169,1764590029.273771763
trajectory,,map,,,27.358859162,5.577746347,1764590029.678891659
trajectory,,map,,,26.961888634,5.119768744,1764590030.088975430
trajectory,,map,,,26.531586633,4.749667683,1764590030.494093657
trajectory,,map,,,26.082125951,4.295497613,1764590030.899213552
trajectory,,map,,,25.710560961,3.855628126,1764590031.309314728
trajectory,,map,,,25.293998521,3.422130960,1764590031.714434862
trajectory,,map,,,24.890554698,2.962782858,1764590032.124517202
trajectory,,map,,,24.533934707,2.570519483,1764590032.529637098
trajectory,,map,,,24.110337597,2.135409120,1764590032.939715385
trajectory,,map,,,23.750393888,1.749032110,1764590033.344838381
trajectory,,map,,,23.345897070,1.401464596,1764590033.749958515
trajectory,,map,,,22.926700954,0.977712915,1764590034.160039186
trajectory,,map,,,22.582914308,0.570030284,1764590034.565159082
trajectory,,map,,,22.296401963,0.265642827,1764590034.868999243
trajectory,,map,,,22.033225268,-0.088467639,1764590035.177800179
trajectory,,map,,,21.816497324,-0.565685891,1764590035.582920074
trajectory,,map,,,21.589687047,-1.069008388,1764590035.992547035
trajectory,,map,,,21.438984180,-1.644932468,1764590036.397680521
trajectory,,map,,,21.385515263,-2.182581154,1764590036.802800655
trajectory,,map,,,21.304567288,-2.748428249,1764590037.212401628
trajectory,,map,,,21.271576780,-3.325342299,1764590037.617521763
trajectory,,map,,,21.224196484,-3.863913827,1764590038.027112484
trajectory,,map,,,21.159558539,-4.361865815,1764590038.330962896
trajectory,,map,,,21.153179311,-4.951018009,1764590038.736083031
trajectory,,map,,,21.160485856,-5.486113133,1764590039.145684004
trajectory,,map,,,21.179539027,-5.947121739,1764590039.449523926
trajectory,,map,,,21.301178764,-6.490910025,1764590039.854644060
trajectory,,map,,,21.468900089,-7.006085597,1764590040.264725208
trajectory,,map,,,21.613853987,-7.435098693,1764590040.568565130
trajectory,,map,,,21.797019028,-7.935201748,1764590040.978645802
trajectory,,map,,,22.041044712,-8.514052589,1764590041.485046387
trajectory,,map,,,22.272735440,-9.007702817,1764590041.890166283
trajectory,,map,,,22.391943104,-9.231774634,1764590042.097687244
trajectory,,map,,,22.613799415,-9.772654735,1764590042.604087353
trajectory,,map,,,22.838111273,-10.221240512,1764590043.014175177
trajectory,,map,,,22.975375483,-10.403246475,1764590043.216748953
trajectory,,map,,,23.112217309,-10.639418162,1764590043.520589113
trajectory,,map,,,23.165963949,-10.827439292,1764590043.723149061
trajectory,,map,,,23.209551446,-10.982778812,1764590043.930661440
trajectory,,map,,,23.279873453,-11.102139102,1764590044.133230686
trajectory,,map,,,23.387806513,-11.221290572,1764590044.335790634
trajectory,,map,,,23.469778388,-11.336991539,1764590044.538350582
trajectory,,map,,,23.498754250,-11.442239021,1764590044.740910530
trajectory,,map,,,23.458446785,-11.635681512,1764590045.049707413
trajectory,,map,,,23.457418477,-11.750283133,1764590045.252272367
trajectory,,map,,,23.466054854,-11.864854916,1764590045.454832315
trajectory,,map,,,23.183725613,-12.252350245,1764590046.269574404
trajectory,,map,,,23.041879109,-12.443156476,1764590046.775974512
trajectory,,map,,,23.394854460,-12.251757476,1764590072.017256260
trajectory,,map,,,23.563468830,-12.164890870,1764590072.219825506
trajectory,,map,,,23.734075646,-12.106757331,1764590072.422385454
trajectory,,map,,,23.874983878,-12.087168506,1764590072.624945402
trajectory,,map,,,23.931210869,-12.117843311,1764590072.726225376
trajectory,,map,,,23.977825666,-12.158062180,1764590072.827505350
trajectory,,map,,,24.026197603,-12.170480548,1764590072.933741093
trajectory,,map,,,24.070039526,-12.221031076,1764590073.035021067
trajectory,,map,,,24.202324365,-12.322831297,1764590073.237586260
trajectory,,map,,,24.349583724,-12.461911301,1764590073.440146208
trajectory,,map,,,24.482457831,-12.598063617,1764590073.642706156
trajectory,,map,,,24.607730497,-12.726876401,1764590073.845266104
trajectory,,map,,,24.679383662,-12.765069668,1764590073.951505423
trajectory,,map,,,24.826154992,-12.867919974,1764590074.154067755
trajectory,,map,,,25.003751105,-12.995385204,1764590074.356627703
trajectory,,map,,,25.450726612,-13.274098597,1764590074.761747599
trajectory,,map,,,25.731870542,-13.393752718,1764590074.969269991
trajectory,,map,,,25.899924644,-13.421268151,1764590075.070549965
trajectory,,map,,,26.081215410,-13.428296044,1764590075.171828508
trajectory,,map,,,26.259052281,-13.439235893,1764590075.273108482
trajectory,,map,,,26.433012071,-13.439977200,1764590075.374388456
trajectory,,map,,,26.605285677,-13.438108404,1764590075.475668430
trajectory,,map,,,26.769137612,-13.432789011,1764590075.576948404
trajectory,,map,,,26.927055570,-13.425782333,1764590075.678228378
trajectory,,map,,,27.073578716,-13.414834538,1764590075.779508591
trajectory,,map,,,27.323706373,-13.380031605,1764590075.987032890
trajectory,,map,,,27.568924863,-13.299428405,1764590076.189588785
trajectory,,map,,,27.781718456,-13.237370426,1764590076.392148733
trajectory,,map,,,27.974302975,-13.250898167,1764590076.594708681
trajectory,,map,,,28.464202951,-13.423968045,1764590077.004795313
trajectory,,map,,,28.738061143,-13.529325116,1764590077.207370043
trajectory,,map,,,29.010196428,-13.654502446,1764590077.409929991
trajectory,,map,,,29.130468779,-13.737178553,1764590077.511209965
trajectory,,map,,,29.655207406,-13.989891283,1764590078.022558451
trajectory,,map,,,30.117602687,-14.397301440,1764590078.528970957
trajectory,,map,,,30.517211207,-14.870763371,1764590079.039862633
trajectory,,map,,,30.932619708,-15.318099357,1764590079.546272039
trajectory,,map,,,31.163470897,-15.517518565,1764590079.850111961
trajectory,,map,,,31.333878703,-15.694884100,1764590080.158433437
trajectory,,map,,,31.409420514,-15.810858274,1764590080.360993624
trajectory,,map,,,31.442122889,-15.943304564,1764590080.664833546
trajectory,,map,,,31.477223155,-16.002843266,1764590080.973152161
trajectory,,map,,,31.522216072,-16.040232680,1764590081.378274918
trajectory,,map,,,31.516583846,-16.079372954,1764590099.290473938
trajectory,,map,,,31.591708256,-16.240953902,1764590099.695594072
trajectory,,map,,,31.779836705,-16.335192336,1764590100.105195522
trajectory,,map,,,32.135542198,-16.446955599,1764590100.611595631
trajectory,,map,,,32.610949571,-16.644114927,1764590101.122477770
trajectory,,map,,,32.930336256,-16.960240373,1764590101.527597904
trajectory,,map,,,33.077691151,-17.146270355,1764590101.730157852
trajectory,,map,,,33.503300533,-17.617444647,1764590102.241060972
trajectory,,map,,,33.828384719,-18.018917932,1764590102.646180868
trajectory,,map,,,34.236803459,-18.424995212,1764590103.157063246
trajectory,,map,,,34.484467564,-18.682495347,1764590103.460903168
trajectory,,map,,,34.875839645,-19.132680672,1764590103.972269535
trajectory,,map,,,35.219317782,-19.591803841,1764590104.478665113
trajectory,,map,,,35.595520574,-20.073650183,1764590104.990033865
trajectory,,map,,,35.999934228,-20.520055984,1764590105.496435881
trajectory,,map,,,36.437388904,-20.898396080,1764590106.007752419
trajectory,,map,,,36.949386635,-21.185453653,1764590106.514152050
trajectory,,map,,,37.156943721,-21.296539087,1764590106.716711998
trajectory,,map,,,37.716290042,-21.457958687,1764590107.228071451
trajectory,,map,,,38.293141022,-21.641950678,1764590107.734471321
trajectory,,map,,,38.628648379,-21.741004670,1764590108.043256283
trajectory,,map,,,39.203475265,-21.856351321,1764590108.549652815
trajectory,,map,,,39.797621370,-21.975174618,1764590109.061025858
trajectory,,map,,,40.171458745,-22.074085951,1764590109.364866972
trajectory,,map,,,40.297713185,-22.119408324,1764590109.466147184
trajectory,,map,,,40.414189963,-22.172460925,1764590109.567427158
trajectory,,map,,,40.508683894,-22.220266414,1764590109.668707132
trajectory,,map,,,40.674949998,-22.298267351,1764590109.871267080
trajectory,,map,,,40.762691280,-22.323930165,1764590109.977107286
trajectory,,map,,,40.928612393,-22.382417903,1764590110.179677725
trajectory,,map,,,41.059604736,-22.389712571,1764590110.382237673
trajectory,,map,,,41.125724860,-22.333460692,1764590110.584797621
trajectory,,map,,,41.144075926,-22.280890505,1764590110.686077595
trajectory,,map,,,41.156190180,-22.213207309,1764590110.787357807
trajectory,,map,,,41.155437417,-22.153680413,1764590110.888637781
trajectory,,map,,,41.142184922,-22.099652803,1764590110.994427443
trajectory,,map,,,41.139490912,-22.039977027,1764590111.095707417
trajectory,,map,,,41.139854543,-21.977277845,1764590111.196997643
trajectory,,map,,,41.147398383,-21.916247953,1764590111.298277617
trajectory,,map,,,41.194406846,-21.794925318,1764590111.500837564
trajectory,,map,,,41.240489698,-21.643399641,1764590111.703397751
trajectory,,map,,,41.349401547,-21.500602987,1764590111.905957699
trajectory,,map,,,41.573857569,-21.334049944,1764590112.214269161
trajectory,,map,,,41.668909740,-21.224253785,1764590112.416829109
trajectory,,map,,,41.727098445,-21.116293776,1764590112.720669270
trajectory,,map,,,41.253875515,-21.381305693,1764590113.944919586
trajectory,,map,,,40.789994095,-21.561707318,1764590114.451331139
trajectory,,map,,,40.464349904,-21.742743077,1764590114.755171061
trajectory,,map,,,40.060972767,-22.106340833,1764590115.266465425
trajectory,,map,,,39.630547570,-22.518411289,1764590115.772865534
trajectory,,map,,,39.449217498,-23.010279532,1764590116.284214020
trajectory,,map,,,39.361550364,-23.568839838,1764590116.790614128
trajectory,,map,,,39.360938840,-24.112662539,1764590117.302009583
trajectory,,map,,,39.392288035,-24.662710598,1764590117.909689665
trajectory,,map,,,39.318247774,-25.092673509,1764590118.421122074
trajectory,,map,,,39.184032636,-25.361003331,1764590118.932523489
trajectory,,map,,,39.118582075,-25.386036253,1764590143.559432507
trajectory,,map,,,39.200487355,-25.112962193,1764590143.863272429
trajectory,,map,,,39.318542876,-24.882034892,1764590144.070288897
trajectory,,map,,,39.420722343,-24.651368627,1764590144.272861004
trajectory,,map,,,39.570129868,-24.231444003,1764590144.677980900
trajectory,,map,,,39.652150250,-24.107536251,1764590144.880540848
trajectory,,map,,,39.696198702,-24.000917392,1764590145.087609768
trajectory,,map,,,39.718209662,-23.909131467,1764590145.290177345
trajectory,,map,,,39.805049860,-23.355227295,1764590145.897857189
trajectory,,map,,,39.677432327,-22.861157214,1764590146.409295082
trajectory,,map,,,39.375825212,-22.456427593,1764590146.814415216
trajectory,,map,,,39.030050250,-22.200832368,1764590147.123286247
trajectory,,map,,,38.773986253,-22.115468703,1764590147.325846195
trajectory,,map,,,38.155955374,-22.162199828,1764590147.832246304
trajectory,,map,,,37.623004820,-22.379084380,1764590148.242850065
trajectory,,map,,,37.286532256,-22.647380213,1764590148.546689987
trajectory,,map,,,36.969543305,-23.034796124,1764590148.957248688
trajectory,,map,,,36.626432754,-23.460446970,1764590149.362381935
trajectory,,map,,,36.367825506,-23.919746516,1764590149.767501831
trajectory,,map,,,36.099342072,-24.466962223,1764590150.279282570
trajectory,,map,,,35.813341813,-24.945872210,1764590150.684402704
trajectory,,map,,,35.579190835,-25.469943716,1764590151.196168184
trajectory,,map,,,35.194307670,-25.943246861,1764590151.702568293
trajectory,,map,,,35.001301396,-26.463057088,1764590152.213884115
trajectory,,map,,,34.786622068,-27.021348744,1764590152.821564198
trajectory,,map,,,34.823566612,-27.549702033,1764590153.534999371
trajectory,,map,,,34.902912553,-27.995624110,1764590154.552342415
trajectory,,map,,,35.155100920,-28.469844980,1764590155.468362808
trajectory,,map,,,35.553054944,-28.810227029,1764590156.486126423
trajectory,,map,,,35.599380656,-28.773381828,1764590157.301330805
trajectory,,map,,,35.754718753,-28.793120542,1764590157.909010649
trajectory,,map,,,35.892816352,-28.855745019,1764590158.217842579
trajectory,,map,,,35.997328070,-28.887084523,1764590158.420402765
trajectory,,map,,,36.050292150,-28.931135795,1764590158.622962713
trajectory,,map,,,35.984324708,-28.988295540,1764590159.134851694
trajectory,,map,,,35.993932647,-28.981326947,1764590159.337411642
trajectory,,map,,,35.965271613,-29.061206430,1764590160.153115988
trajectory,,map,,,35.999991964,-29.143081484,1764590160.456955910
trajectory,,map,,,36.052093465,-29.212380143,1764590160.862075806
trajectory,,map,,,36.031711652,-29.225647731,1764590161.272657871
trajectory,,map,,,36.023805721,-29.183806344,1764590176.542412996
trajectory,,map,,,36.049574757,-29.112372145,1764590176.744972944
trajectory,,map,,,36.063085262,-29.051181214,1764590176.952513695
trajectory,,map,,,36.018663166,-28.954965036,1764590177.155084372
trajectory,,map,,,35.938052195,-28.829874486,1764590177.357644320
trajectory,,map,,,35.834901490,-28.685808904,1764590177.560204268
trajectory,,map,,,35.614873008,-28.477765772,1764590177.864044189
trajectory,,map,,,35.351010771,-28.248911405,1764590178.173354149
trajectory,,map,,,35.139130467,-27.953883194,1764590178.477194309
trajectory,,map,,,34.825696507,-27.527128947,1764590178.988987446
trajectory,,map,,,34.721948991,-27.387286551,1764590179.191550493
trajectory,,map,,,34.549016921,-26.881716677,1764590179.697950363
trajectory,,map,,,34.468925990,-26.324094839,1764590180.310989141
trajectory,,map,,,34.542032887,-25.769161996,1764590180.817389011
trajectory,,map,,,34.772527326,-25.257488157,1764590181.329210520
trajectory,,map,,,35.099431997,-24.780429842,1764590181.835610628
trajectory,,map,,,35.287763948,-24.438520203,1764590182.144896030
trajectory,,map,,,35.373470477,-23.926052630,1764590182.651295900
trajectory,,map,,,35.270102267,-23.440669008,1764590183.061882257
trajectory,,map,,,35.172074213,-23.185582333,1764590183.264442444
trajectory,,map,,,34.885660388,-22.740185725,1764590183.770842314
trajectory,,map,,,34.514151635,-22.217668266,1764590184.282707453
trajectory,,map,,,34.162018955,-21.763473041,1764590184.789107561
trajectory,,map,,,34.063024079,-21.469764155,1764590185.098408699
trajectory,,map,,,33.957551315,-20.877563435,1764590185.604830027
trajectory,,map,,,33.933922705,-20.611154291,1764590185.908669949
trajectory,,map,,,33.950801873,-20.411066694,1764590186.116211653
trajectory,,map,,,34.078412007,-19.831735251,1764590186.622611761
trajectory,,map,,,34.244204922,-19.298660221,1764590187.133971453
trajectory,,map,,,34.439550468,-18.835591819,1764590187.539091349
trajectory,,map,,,34.716399420,-18.399596027,1764590187.949160099
trajectory,,map,,,34.961811909,-18.014916965,1764590188.354291439
trajectory,,map,,,35.315927330,-17.493462737,1764590188.860691547
trajectory,,map,,,35.679853193,-17.019100899,1764590189.372531891
trajectory,,map,,,36.004947957,-16.630984089,1764590189.777652025
trajectory,,map,,,36.318360420,-16.206734116,1764590190.188213587
trajectory,,map,,,36.607905302,-15.684500120,1764590190.694613457
trajectory,,map,,,36.815841888,-15.346105325,1764590191.003808975
trajectory,,map,,,37.108755210,-14.834426443,1764590191.510215759
trajectory,,map,,,37.373989590,-14.303180395,1764590192.022137880
trajectory,,map,,,37.510874492,-13.867097176,1764590192.427256584
trajectory,,map,,,37.574986794,-13.310067484,1764590193.040378809
trajectory,,map,,,37.745185139,-12.854982074,1764590193.546790600
trajectory,,map,,,37.826363651,-12.739763288,1764590193.749350548
trajectory,,map,,,37.897010683,-12.669235193,1764590193.957307577
trajectory,,map,,,37.947151008,-12.694363709,1764590211.667169333
trajectory,,map,,,38.118590246,-12.880092123,1764590211.976561308
trajectory,,map,,,38.426195694,-13.043046297,1764590212.381691694
trajectory,,map,,,38.802128642,-13.279584326,1764590212.786811590
trajectory,,map,,,38.896296532,-13.332419364,1764590212.888091564
trajectory,,map,,,39.004965762,-13.376740424,1764590212.994984150
trajectory,,map,,,39.083227383,-13.439272176,1764590213.096264124
trajectory,,map,,,39.160853566,-13.496443162,1764590213.197556257
trajectory,,map,,,39.238602086,-13.527791580,1764590213.298836231
trajectory,,map,,,39.324184894,-13.536013592,1764590213.400116205
trajectory,,map,,,39.523416121,-13.519471150,1764590213.602676153
trajectory,,map,,,39.748830494,-13.503795115,1764590213.805236340
trajectory,,map,,,39.994296456,-13.456252880,1764590214.013312101
trajectory,,map,,,40.446675266,-13.230032968,1764590214.418436050
trajectory,,map,,,40.934928878,-12.992645657,1764590214.823556185
trajectory,,map,,,41.452271349,-12.684132982,1764590215.234111071
trajectory,,map,,,41.851362728,-12.344591272,1764590215.639230967
trajectory,,map,,,42.225672781,-12.118413757,1764590215.948475599
trajectory,,map,,,42.733074100,-11.759419874,1764590216.353606701
trajectory,,map,,,43.141303548,-11.432954443,1764590216.758726597
trajectory,,map,,,43.639927169,-11.137222404,1764590217.169264078
trajectory,,map,,,44.054006418,-10.761905273,1764590217.574384212
trajectory,,map,,,44.549572124,-10.441319679,1764590218.085747004
trajectory,,map,,,45.010614823,-10.166812523,1764590218.490862846
trajectory,,map,,,45.445660106,-9.806709233,1764590219.002221107
trajectory,,map,,,45.900785415,-9.463944658,1764590219.508617163
trajectory,,map,,,46.192227165,-9.004513442,1764590220.121234894
trajectory,,map,,,46.572881443,-8.540426140,1764590220.728914976
trajectory,,map,,,46.795857211,-7.986723479,1764590221.342029810
trajectory,,map,,,46.942247627,-7.633827187,1764590221.645869732
trajectory,,map,,,47.018916144,-7.332497058,1764590221.848429918
trajectory,,map,,,47.042662667,-7.051230799,1764590222.056403637
trajectory,,map,,,47.036953089,-6.629705902,1764590222.360243797
trajectory,,map,,,47.068548219,-6.218827712,1764590222.664083719
trajectory,,map,,,47.161297059,-5.779449950,1764590222.973337173
trajectory,,map,,,47.247029537,-5.244848151,1764590223.378461838
trajectory,,map,,,47.378701396,-4.738716660,1764590223.783581972
trajectory,,map,,,47.628621024,-4.198606290,1764590224.295418978
trajectory,,map,,,47.763273197,-4.024477682,1764590224.497978926
trajectory,,map,,,47.995339246,-3.860052514,1764590224.801818848
trajectory,,map,,,48.170333815,-3.796357640,1764590225.009799004
trajectory,,map,,,48.305834175,-3.815397661,1764590225.212361097
trajectory,,map,,,48.357724949,-3.827524373,1764590225.313641310
trajectory,,map,,,48.389817545,-3.844355232,1764590225.414921284
trajectory,,map,,,48.413807866,-3.850867058,1764590225.516201258
trajectory,,map,,,48.433416166,-3.842428652,1764590225.617481232
trajectory,,map,,,48.445502782,-3.829213987,1764590225.718761206
trajectory,,map,,,48.450548154,-3.821867811,1764590225.820041180
trajectory,,map,,,48.469352843,-3.801159824,1764590225.926770926
trajectory,,map,,,48.491338410,-3.792883150,1764590226.028050900
trajectory,,map,,,48.519186078,-3.799755078,1764590226.129327059
trajectory,,map,,,48.598848749,-3.803571852,1764590226.331887007
trajectory,,map,,,48.675815031,-3.743547155,1764590226.534447193
trajectory,,map,,,48.760633253,-3.649396708,1764590226.737007141
trajectory,,map,,,48.819839991,-3.594984208,1764590226.838287115
trajectory,,map,,,48.927437756,-3.512261128,1764590227.046317101
trajectory,,map,,,49.073993405,-3.528476259,1764590227.451432943
trajectory,,map,,,49.362719651,-3.851100666,1764590228.064121246
trajectory,,map,,,49.426137563,-3.983068613,1764590228.367961645
trajectory,,map,,,49.479591819,-4.100387030,1764590228.671801567
trajectory,,map,,,49.401653865,-3.727233934,1764590247.104108572
trajectory,,map,,,49.370511625,-3.591215906,1764590247.407947540
trajectory,,map,,,49.350146884,-3.455682513,1764590247.711787462
trajectory,,map,,,49.390352054,-3.333216998,1764590247.914347410
trajectory,,map,,,49.462701298,-3.155486195,1764590248.122353077
trajectory,,map,,,49.549747400,-2.913380654,1764590248.324908733
trajectory,,map,,,49.674623305,-2.686425544,1764590248.527468681
trajectory,,map,,,49.827978386,-2.462241542,1764590248.730028868
trajectory,,map,,,50.069124924,-2.130674816,1764590249.039317846
trajectory,,map,,,50.373228925,-1.795459170,1764590249.444450140
trajectory,,map,,,50.588696293,-1.589729883,1764590249.748290062
trajectory,,map,,,50.869373266,-1.373958937,1764590250.057100534
trajectory,,map,,,51.287658495,-1.050038431,1764590250.462218285
trajectory,,map,,,51.546290301,-0.847441384,1764590250.766058207
trajectory,,map,,,51.997682772,-0.603735736,1764590251.176088810
trajectory,,map,,,52.459775195,-0.397989339,1764590251.581208944
trajectory,,map,,,52.735549353,-0.293499585,1764590251.885048866
trajectory,,map,,,53.348599009,-0.183943190,1764590252.396367788
trajectory,,map,,,53.911613535,-0.076931087,1764590252.902767897
trajectory,,map,,,54.543350073,-0.127587002,1764590253.414136887
trajectory,,map,,,55.091790623,-0.239151130,1764590253.926012754
trajectory,,map,,,55.594333607,-0.439732602,1764590254.533703327
trajectory,,map,,,55.916131318,-0.490748326,1764590254.944277525
trajectory,,map,,,56.150277400,-0.569395482,1764590255.450687885
trajectory,,map,,,56.186983686,-0.666028054,1764590255.754528046
trajectory,,map,,,56.177849693,-0.604206296,1764590273.067250490
trajectory,,map,,,56.232275566,-0.466382898,1764590273.269819021
trajectory,,map,,,56.271379376,-0.014788281,1764590273.877499104
trajectory,,map,,,56.124103840,0.249742626,1764590274.287580252
trajectory,,map,,,55.690033938,0.551821871,1764590274.793980122
trajectory,,map,,,55.430721453,0.681552075,1764590275.001498222
trajectory,,map,,,55.158637839,0.748480244,1764590275.204060316
trajectory,,map,,,54.756770398,0.801882332,1764590275.507900476
trajectory,,map,,,54.232334206,0.824069327,1764590275.913020372
trajectory,,map,,,53.800111768,0.799625405,1764590276.222294807
trajectory,,map,,,53.256548387,0.699868150,1764590276.627414703
trajectory,,map,,,52.731643566,0.551772886,1764590277.037950039
trajectory,,map,,,52.309569002,0.397213954,1764590277.341792107
trajectory,,map,,,51.849663168,0.185586223,1764590277.746912003
trajectory,,map,,,51.358516850,-0.033091830,1764590278.157474041
trajectory,,map,,,50.961754534,-0.271776713,1764590278.461313963
trajectory,,map,,,50.528125910,-0.619760603,1764590278.866434097
trajectory,,map,,,50.096980433,-0.977781181,1764590279.276999235
trajectory,,map,,,49.668211186,-1.373258750,1764590279.682119131
trajectory,,map,,,49.289332897,-1.701590579,1764590280.092695475
trajectory,,map,,,48.854134356,-2.097373794,1764590280.497824430
trajectory,,map,,,48.501456717,-2.550256263,1764590280.902944565
trajectory,,map,,,48.175244814,-2.982861666,1764590281.313529968
trajectory,,map,,,47.850085282,-3.504711733,1764590281.718649864
trajectory,,map,,,47.587171024,-4.034316237,1764590282.230051279
trajectory,,map,,,47.309740601,-4.518537871,1764590282.635171413
trajectory,,map,,,47.077381250,-4.961698932,1764590283.045722723
trajectory,,map,,,46.711168795,-5.435532106,1764590283.552131653
trajectory,,map,,,46.406067408,-5.882983452,1764590283.962681055
trajectory,,map,,,46.165162200,-6.337765929,1764590284.367808104
trajectory,,map,,,45.797296004,-6.789885454,1764590284.772927999
trajectory,,map,,,45.467055398,-7.212480456,1764590285.183466434
trajectory,,map,,,45.313728731,-7.377888296,1764590285.386026382
trajectory,,map,,,44.970583649,-7.775288164,1764590285.791146517
trajectory,,map,,,44.576053131,-8.185866100,1764590286.201708317
trajectory,,map,,,44.251660165,-8.504793819,1764590286.606828213
trajectory,,map,,,43.816250452,-8.867813071,1764590287.017388582
trajectory,,map,,,43.408406614,-9.266451544,1764590287.422511339
trajectory,,map,,,43.011200627,-9.612127926,1764590287.827631474
trajectory,,map,,,42.663162850,-9.914737902,1764590288.136935472
trajectory,,map,,,42.263834735,-10.300290415,1764590288.542055368
trajectory,,map,,,41.872320411,-10.629655969,1764590288.952619553
trajectory,,map,,,41.418172442,-11.018058864,1764590289.357739687
trajectory,,map,,,41.042738401,-11.374249793,1764590289.762859821
trajectory,,map,,,40.639872956,-11.747089335,1764590290.173440695
trajectory,,map,,,40.258648941,-12.155556701,1764590290.578560829
trajectory,,map,,,39.841230863,-12.605657510,1764590291.090878487
trajectory,,map,,,39.439147238,-12.986054900,1764590291.496001005
trajectory,,map,,,39.139681101,-13.226680065,1764590291.799840927
trajectory,,map,,,38.946365739,-13.352673788,1764590292.008318186
trajectory,,map,,,38.519065635,-13.626629309,1764590292.413440943
trajectory,,map,,,38.154751604,-13.984651501,1764590292.818561077
trajectory,,map,,,37.689361423,-14.414705115,1764590293.330882311
trajectory,,map,,,37.384634917,-14.717217833,1764590293.634722233
trajectory,,map,,,37.025817218,-15.181343879,1764590294.146583319
trajectory,,map,,,36.595588022,-15.589892791,1764590294.652983189
trajectory,,map,,,36.429855373,-15.739771511,1764590294.855543375
trajectory,,map,,,36.294155749,-15.895076484,1764590295.063547134
trajectory,,map,,,36.159409777,-16.035639154,1764590295.266104221
trajectory,,map,,,35.920432448,-16.215591003,1764590295.569944382
trajectory,,map,,,35.485275637,-16.519586811,1764590296.081790924
trajectory,,map,,,35.290027808,-16.739933431,1764590296.385645390
trajectory,,map,,,34.762258387,-16.977574303,1764590296.999234915
trajectory,,map,,,34.198021116,-17.068772448,1764590297.606926680
trajectory,,map,,,33.690780876,-16.889292585,1764590298.119239569
trajectory,,map,,,33.161251657,-16.657097068,1764590298.625647545
trajectory,,map,,,32.636355417,-16.272443773,1764590299.137969494
trajectory,,map,,,32.193554357,-15.936920577,1764590299.543089390
trajectory,,map,,,31.761919099,-15.571039941,1764590300.055410624
trajectory,,map,,,31.327536681,-15.176945902,1764590300.460530758
trajectory,,map,,,30.923514593,-14.872640047,1764590300.865650654
trajectory,,map,,,30.592079263,-14.491511487,1764590301.276692152
trajectory,,map,,,30.206409753,-14.074442830,1764590301.681812286
trajectory,,map,,,29.864254883,-13.705316016,1764590302.092861652
trajectory,,map,,,29.503107798,-13.264633477,1764590302.497993469
trajectory,,map,,,29.099738566,-12.886857206,1764590302.903113365
trajectory,,map,,,28.747940309,-12.491835929,1764590303.314151525
trajectory,,map,,,28.431229639,-12.119771110,1764590303.617991447
trajectory,,map,,,28.031265157,-11.709248691,1764590304.029013157
trajectory,,map,,,27.732016050,-11.267622602,1764590304.434144020
trajectory,,map,,,27.375494537,-10.790384743,1764590304.839263916
trajectory,,map,,,27.018138546,-10.282810792,1764590305.351081133
trajectory,,map,,,26.687424990,-9.746714572,1764590305.756201267
trajectory,,map,,,26.348612053,-9.304490551,1764590306.166765451
trajectory,,map,,,26.046484696,-8.847250812,1764590306.571885586
trajectory,,map,,,25.792292188,-8.451488246,1764590306.875725508
trajectory,,map,,,25.464522255,-8.049964809,1764590307.286293268
trajectory,,map,,,25.129779246,-7.584554733,1764590307.691413164
trajectory,,map,,,24.940411796,-7.339022635,1764590307.893973351
trajectory,,map,,,24.564086366,-6.955953982,1764590308.305062056
trajectory,,map,,,24.181147032,-6.539392695,1764590308.710182190
trajectory,,map,,,23.838427696,-6.209842247,1764590309.019967556
trajectory,,map,,,23.401933404,-5.869529207,1764590309.425087690
trajectory,,map,,,22.962742335,-5.501220419,1764590309.830207825
trajectory,,map,,,22.477216206,-5.178813454,1764590310.241267681
trajectory,,map,,,21.961346158,-4.904468747,1764590310.646387815
trajectory,,map,,,21.421470428,-4.586264366,1764590311.057421207
trajectory,,map,,,20.911619265,-4.348309578,1764590311.462547302
trajectory,,map,,,20.390725492,-4.048998430,1764590311.867667198
trajectory,,map,,,19.814980793,-3.841154650,1764590312.278707027
trajectory,,map,,,19.295532028,-3.677675679,1764590312.683826923
trajectory,,map,,,18.711050570,-3.554004604,1764590313.094858408
trajectory,,map,,,18.157436453,-3.530054022,1764590313.499988079
trajectory,,map,,,17.645007793,-3.561280216,1764590313.905107975
trajectory,,map,,,17.059956941,-3.646714561,1764590314.316148996
trajectory,,map,,,16.572763282,-3.858456137,1764590314.721268892
trajectory,,map,,,16.050937873,-4.083222268,1764590315.131844282
trajectory,,map,,,15.790062509,-4.210790436,1764590315.334404469
trajectory,,map,,,15.481709728,-4.408031802,1764590315.638244390
trajectory,,map,,,15.312272596,-4.518776713,1764590315.840804338
trajectory,,map,,,15.139888273,-4.638034532,1764590316.048779964
trajectory,,map,,,14.810534391,-4.845236568,1764590316.352621317
trajectory,,map,,,14.443022131,-5.144058431,1764590316.757741213
trajectory,,map,,,14.092714682,-5.532595543,1764590317.269582987
trajectory,,map,,,13.651118651,-5.896741608,1764590317.775983095
trajectory,,map,,,13.307682165,-6.267663840,1764590318.389106750
trajectory,,map,,,12.862348167,-6.502751262,1764590319.205290794
trajectory,,map,,,12.792655696,-6.590712399,1764590319.610410690
trajectory,,map,,,12.776453346,-6.285240991,1764590320.629132509
trajectory,,map,,,12.693881615,-6.176741933,1764590321.040177822
trajectory,,map,,,12.707118809,-5.854841449,1764590321.749133348
trajectory,,map,,,12.718451292,-5.344021188,1764590322.976337433
trajectory,,map,,,12.577184614,-4.952664021,1764590323.584012747
trajectory,,map,,,12.501100123,-4.773636552,1764590323.786572695
trajectory,,map,,,12.296283091,-4.556176179,1764590324.197614670
trajectory,,map,,,12.116141962,-4.441051603,1764590324.501454592
trajectory,,map,,,11.887801273,-4.330306342,1764590324.805294514
trajectory,,map,,,11.704120078,-4.257362488,1764590325.013326883
trajectory,,map,,,11.517848070,-4.208305120,1764590325.215898275
trajectory,,map,,,11.350835667,-4.181112019,1764590325.418458462
trajectory,,map,,,11.167180451,-4.205107021,1764590325.722298384
trajectory,,map,,,10.875334233,-4.377859839,1764590326.234142065
trajectory,,map,,,10.590831473,-4.542247319,1764590326.639261961
trajectory,,map,,,10.428951868,-4.618766746,1764590326.841821909
trajectory,,map,,,10.348645266,-4.658765726,1764590326.948555470
trajectory,,map,,,9.975683784,-5.048847751,1764590327.657525778
trajectory,,map,,,9.611788648,-5.389324233,1764590328.169369459
trajectory,,map,,,9.181352486,-5.715894734,1764590328.675769329
trajectory,,map,,,8.729242897,-6.075731758,1764590329.289392233
trajectory,,map,,,8.562968429,-6.213544628,1764590329.491952181
trajectory,,map,,,8.390149602,-6.373571456,1764590329.694512129
trajectory,,map,,,7.949680801,-6.736654512,1764590330.308114290
trajectory,,map,,,7.388844088,-7.018193154,1764590330.915794134
trajectory,,map,,,6.883720478,-7.234713090,1764590331.428136349
trajectory,,map,,,6.588393235,-7.294283589,1764590331.731976509
trajectory,,map,,,6.041966250,-7.423585590,1764590332.244297266
trajectory,,map,,,5.857904434,-7.445037759,1764590332.446857214
trajectory,,map,,,5.685146668,-7.443089139,1764590332.649417162
trajectory,,map,,,5.535204584,-7.387051021,1764590332.851977110
trajectory,,map,,,5.378419160,-7.306498409,1764590333.060453653
trajectory,,map,,,4.882658457,-7.176014774,1764590333.566854954
trajectory,,map,,,4.631170854,-7.142239680,1764590333.870694876
trajectory,,map,,,4.126805643,-7.045348937,1764590334.383013010
trajectory,,map,,,3.886944958,-6.990791736,1764590334.585573196
trajectory,,map,,,3.366403060,-6.989654216,1764590335.199153900
trajectory,,map,,,3.235033063,-6.930570964,1764590335.502993822
trajectory,,map,,,3.143691350,-6.848926832,1764590335.705554008
trajectory,,map,,,2.987557776,-6.681155497,1764590336.015318871
trajectory,,map,,,2.902388016,-6.590329084,1764590336.217875719
trajectory,,map,,,2.819564730,-6.516176898,1764590336.420435667
trajectory,,map,,,2.761564712,-6.443152211,1764590336.622995615
trajectory,,map,,,2.714691344,-6.365598865,1764590336.825555801
trajectory,,map,,,2.567750502,-5.844331708,1764590337.337438107
trajectory,,map,,,2.482875211,-5.337956373,1764590337.742558241
trajectory,,map,,,2.503757979,-4.888692500,1764590338.153113127
trajectory,,map,,,2.497132173,-4.449164034,1764590338.456953049
trajectory,,map,,,2.431227657,-4.020667916,1764590338.760792971
trajectory,,map,,,2.324097071,-3.437618794,1764590339.272604227
trajectory,,map,,,2.241954350,-2.881843058,1764590339.677724123
trajectory,,map,,,2.130839987,-2.388672696,1764590340.088249683
trajectory,,map,,,2.014039634,-1.783101319,1764590340.594661951
trajectory,,map,,,1.913293088,-1.342589275,1764590340.898501873
trajectory,,map,,,1.665946405,-0.891903972,1764590341.309527874
trajectory,,map,,,1.408436696,-0.437282037,1764590341.714647770
trajectory,,map,,,1.227668298,-0.201513224,1764590341.917207718
trajectory,,map,,,1.036675282,-0.002239560,1764590342.125716686
trajectory,,map,,,0.705457658,0.187398890,1764590342.429557800
trajectory,,map,,,0.478679227,0.242999057,1764590342.632117748
trajectory,,map,,,0.271590832,0.252686552,1764590342.834677696
trajectory,,map,,,0.185187192,0.255967235,1764590342.941919565
trajectory,,map,,,0.073729995,0.242728705,1764590343.144484520
trajectory,,map,,,0.020720253,0.115958454,1764590343.650884628
trajectory,,map,,,-0.009819324,0.029009749,1764590345.283150911
trajectory,,reference,,,-0.036952305,-0.020608943,1764590368.204397202
trajectory,,reference,,,0.040579572,0.122693107,1764590379.408228874
trajectory,,reference,,,0.129743668,0.277845498,1764590380.021298170
trajectory,,reference,,,0.227986952,0.476575016,1764590380.426431894
trajectory,,reference,,,0.269184995,0.643923559,1764590380.730272055
trajectory,,reference,,,0.239510592,0.877691259,1764590381.039458275
trajectory,,reference,,,0.190903833,1.100791393,1764590381.343302250
trajectory,,reference,,,0.158350402,1.203103860,1764590381.545862198
trajectory,,reference,,,0.101145444,1.316977794,1764590381.748422146
trajectory,,reference,,,0.028426909,1.420939856,1764590381.956388950
trajectory,,reference,,,-0.284722759,1.868209665,1764590382.564081192
trajectory,,reference,,,-0.686957040,2.211017528,1764590383.278949738
trajectory,,reference,,,-1.149296308,2.496156733,1764590383.886629581
trajectory,,reference,,,-1.597521106,2.772662885,1764590384.500277758
trajectory,,reference,,,-1.916407636,2.969000168,1764590384.905397654
trajectory,,reference,,,-2.366097178,3.240544696,1764590385.316463709
trajectory,,reference,,,-2.845226375,3.454135584,1764590385.822863579
trajectory,,reference,,,-3.434888983,3.691639427,1764590386.335209846
trajectory,,reference,,,-3.984908988,3.852892531,1764590386.740329742
trajectory,,reference,,,-4.489729486,4.001600037,1764590387.151395559
trajectory,,reference,,,-5.082574581,4.183966411,1764590387.556515694
trajectory,,reference,,,-5.700120414,4.227393399,1764590387.967577457
trajectory,,reference,,,-6.200346492,4.349981266,1764590388.372700453
trajectory,,reference,,,-6.823961183,4.497493952,1764590388.777820349
trajectory,,reference,,,-7.251433034,4.584575626,1764590389.087596178
trajectory,,reference,,,-7.826560703,4.686545914,1764590389.492726088
trajectory,,reference,,,-8.359996473,4.722074689,1764590389.796566010
trajectory,,reference,,,-9.005639233,4.709949560,1764590390.207630873
trajectory,,reference,,,-9.606071940,4.756698366,1764590390.612750769
trajectory,,reference,,,-10.119911602,4.778171962,1764590390.916590929
trajectory,,reference,,,-10.723721632,4.785024550,1764590391.327173710
trajectory,,reference,,,-11.317734206,4.816305325,1764590391.732293606
trajectory,,reference,,,-11.839950126,4.805853113,1764590392.041589022
trajectory,,reference,,,-12.412786376,4.855206629,1764590392.446715355
trajectory,,reference,,,-13.041395218,4.906239579,1764590392.851835489
trajectory,,reference,,,-13.670792936,4.893897992,1764590393.262395859
trajectory,,reference,,,-14.227991074,4.903063575,1764590393.667515993
trajectory,,reference,,,-14.753177616,4.894202248,1764590393.977274895
trajectory,,reference,,,-15.340448342,4.836898806,1764590394.382392168
trajectory,,reference,,,-15.927331715,4.837647657,1764590394.787512064
trajectory,,reference,,,-16.443147240,4.804188716,1764590395.097252846
trajectory,,reference,,,-17.027427161,4.812155684,1764590395.502368212
trajectory,,reference,,,-17.623888695,4.786254322,1764590395.907488346
trajectory,,reference,,,-18.230091558,4.740948442,1764590396.318522215
trajectory,,reference,,,-18.751069580,4.730532224,1764590396.723642111
trajectory,,reference,,,-19.355951271,4.689530747,1764590397.134646893
trajectory,,reference,,,-19.876919544,4.557542048,1764590397.539772511
trajectory,,reference,,,-20.503651475,4.430376749,1764590398.052042007
trajectory,,reference,,,-21.099114473,4.352598235,1764590398.457170248
trajectory,,reference,,,-21.632466564,4.277533493,1764590398.862290144
trajectory,,reference,,,-22.200798306,4.223388588,1764590399.273331881
trajectory,,reference,,,-22.580266449,4.127307411,1764590399.577172041
trajectory,,reference,,,-23.067701478,3.848802011,1764590400.089491367
trajectory,,reference,,,-23.509097457,3.601809613,1764590400.494609118
trajectory,,reference,,,-23.921452654,3.303500895,1764590400.899729252
trajectory,,reference,,,-24.293272014,2.896914289,1764590401.411581993
trajectory,,reference,,,-24.594013011,2.635632473,1764590401.715421915
trajectory,,reference,,,-24.726640833,2.465011341,1764590401.917981863
trajectory,,reference,,,-24.753818362,2.318761738,1764590402.227224112
trajectory,,reference,,,-24.754563381,2.190272171,1764590402.429784060
trajectory,,reference,,,-24.746077968,2.148804165,1764590402.531064034
trajectory,,reference,,,-24.670781542,2.135865733,1764590402.733623981
trajectory,,reference,,,-24.443920409,2.215422219,1764590403.144201279
trajectory,,reference,,,-24.383638511,2.227669683,1764590403.346760273
trajectory,,reference,,,-24.459835562,2.256920196,1764590420.260493517
trajectory,,reference,,,-24.344245781,1.757153903,1764590421.177475691
trajectory,,reference,,,-24.061179963,1.315768678,1764590421.683875561
trajectory,,reference,,,-23.751980169,0.901838328,1764590422.094440699
trajectory,,reference,,,-23.531290052,0.630750026,1764590422.296998739
trajectory,,reference,,,-23.120659158,0.223085461,1764590422.702118635
trajectory,,reference,,,-22.731592480,-0.188431221,1764590423.112693310
trajectory,,reference,,,-22.337500433,-0.509167507,1764590423.416543722
trajectory,,reference,,,-21.829506555,-0.769130168,1764590423.821663857
trajectory,,reference,,,-21.411930802,-1.089264594,1764590424.232249260
trajectory,,reference,,,-20.912958831,-1.496858808,1764590424.637369394
trajectory,,reference,,,-20.471259514,-1.907146945,1764590425.149712324
trajectory,,reference,,,-20.066829148,-2.350221334,1764590425.554832458
trajectory,,reference,,,-19.626358954,-2.657157865,1764590425.966349125
trajectory,,reference,,,-19.257169336,-3.030054137,1764590426.371473312
trajectory,,reference,,,-18.757473825,-3.436963439,1764590426.776593447
trajectory,,reference,,,-18.305819072,-3.841163503,1764590427.289394855
trajectory,,reference,,,-17.888785265,-4.281458335,1764590427.694514990
trajectory,,reference,,,-17.511637572,-4.653231616,1764590428.106037855
trajectory,,reference,,,-17.151387838,-5.020604319,1764590428.511156321
trajectory,,reference,,,-16.701205858,-5.404678771,1764590428.916276217
trajectory,,reference,,,-16.281853635,-5.695313044,1764590429.327805996
trajectory,,reference,,,-15.917157572,-6.037568667,1764590429.732925892
trajectory,,reference,,,-15.495711722,-6.388011809,1764590430.144383192
trajectory,,reference,,,-15.053711851,-6.744771215,1764590430.650796652
trajectory,,reference,,,-14.659426480,-7.150739768,1764590431.061789989
trajectory,,reference,,,-14.179884093,-7.528899429,1764590431.568197966
trajectory,,reference,,,-13.778667911,-7.871099663,1764590431.978786707
trajectory,,reference,,,-13.332521511,-8.225538171,1764590432.383904934
trajectory,,reference,,,-12.948180022,-8.570728583,1764590432.789025068
trajectory,,reference,,,-12.502281980,-8.963222150,1764590433.199632883
trajectory,,reference,,,-12.087020437,-9.272516154,1764590433.604752779
trajectory,,reference,,,-11.705525493,-9.597601802,1764590434.015815020
trajectory,,reference,,,-11.308376045,-9.924785607,1764590434.420937061
trajectory,,reference,,,-10.858670561,-10.320508466,1764590434.927336931
trajectory,,reference,,,-10.470677866,-10.684751861,1764590435.338391781
trajectory,,reference,,,-10.124767358,-11.046036164,1764590435.743511915
trajectory,,reference,,,-9.814750586,-11.483655093,1764590436.154985905
trajectory,,reference,,,-9.500483805,-11.940759560,1764590436.560106039
trajectory,,reference,,,-9.308424813,-12.247429160,1764590436.863945961
trajectory,,reference,,,-9.045856199,-12.701959640,1764590437.274966955
trajectory,,reference,,,-8.779880163,-13.186259766,1764590437.680087090
trajectory,,reference,,,-8.652879774,-13.531007217,1764590437.989861965
trajectory,,reference,,,-8.556665063,-14.052006125,1764590438.394992113
trajectory,,reference,,,-8.509134243,-14.552199943,1764590438.800112009
trajectory,,reference,,,-8.473669537,-14.788523124,1764590439.008607388
trajectory,,reference,,,-8.468108699,-15.416259488,1764590439.515018702
trajectory,,reference,,,-8.417668065,-15.987651930,1764590440.027836561
trajectory,,reference,,,-8.303534513,-16.474528477,1764590440.432969332
trajectory,,reference,,,-8.131886207,-16.847803565,1764590440.736809254
trajectory,,reference,,,-7.771507033,-17.287027462,1764590441.249655485
trajectory,,reference,,,-7.629214239,-17.471598262,1764590441.452215433
trajectory,,reference,,,-7.468799849,-17.624581348,1764590441.857335567
trajectory,,reference,,,-7.368234663,-17.607704630,1764590442.268410921
trajectory,,reference,,,-7.251708297,-17.410192926,1764590442.774810791
trajectory,,reference,,,-7.190631341,-17.333250011,1764590443.185804844
trajectory,,reference,,,-7.174343725,-17.378736569,1764590461.628017426
trajectory,,reference,,,-7.228518037,-17.361311877,1764590462.039542198
trajectory,,reference,,,-7.005369459,-17.266301278,1764590462.957448959
trajectory,,reference,,,-6.735099227,-17.161677891,1764590463.261293411
trajectory,,reference,,,-6.205458300,-16.899819832,1764590463.868973255
trajectory,,reference,,,-5.607546086,-16.672600329,1764590464.381313801
trajectory,,reference,,,-5.106870522,-16.379381361,1764590464.887713909
trajectory,,reference,,,-4.684826856,-16.259752856,1764590465.298755169
trajectory,,reference,,,-4.116590214,-16.076304951,1764590465.703875065
trajectory,,reference,,,-3.570717303,-15.821979176,1764590466.216197968
trajectory,,reference,,,-2.991387616,-15.531701721,1764590466.621317863
trajectory,,reference,,,-2.591392157,-15.138892930,1764590467.032502174
trajectory,,reference,,,-2.169507613,-14.864508621,1764590467.437620163
trajectory,,reference,,,-1.683719034,-14.524143056,1764590467.842740297
trajectory,,reference,,,-1.274579596,-14.061872179,1764590468.355421782
trajectory,,reference,,,-0.850949664,-13.737042518,1764590468.760541677
trajectory,,reference,,,-0.451639980,-13.382591360,1764590469.172062397
trajectory,,reference,,,0.082497461,-13.039831362,1764590469.678462505
trajectory,,reference,,,0.570963911,-12.719069283,1764590470.089978695
trajectory,,reference,,,1.078228956,-12.381928622,1764590470.596384048
trajectory,,reference,,,1.599201844,-12.129464549,1764590471.007903814
trajectory,,reference,,,2.076292073,-11.825334982,1764590471.413025379
trajectory,,reference,,,2.508689519,-11.567682287,1764590471.818145275
trajectory,,reference,,,3.058046098,-11.318983736,1764590472.229686737
trajectory,,reference,,,3.517602588,-11.043570229,1764590472.634806871
trajectory,,reference,,,4.095025330,-10.837219369,1764590473.147597075
trajectory,,reference,,,4.576235985,-10.590429241,1764590473.552729368
trajectory,,reference,,,5.069187897,-10.243866954,1764590474.065525293
trajectory,,reference,,,5.567557622,-9.901206488,1764590474.470651150
trajectory,,reference,,,5.936336882,-9.533899352,1764590474.875771046
trajectory,,reference,,,6.365803921,-9.241057471,1764590475.287292719
trajectory,,reference,,,6.871814159,-8.884210409,1764590475.692412615
trajectory,,reference,,,7.307520221,-8.520170188,1764590476.103477478
trajectory,,reference,,,7.824393231,-8.169469801,1764590476.508594275
trajectory,,reference,,,8.259214699,-7.813705769,1764590476.913714170
trajectory,,reference,,,8.802247264,-7.511872774,1764590477.426055908
trajectory,,reference,,,9.335008220,-7.218111049,1764590477.831176043
trajectory,,reference,,,9.763463206,-6.944722332,1764590478.242217541
trajectory,,reference,,,10.287438329,-6.651872243,1764590478.647337437
trajectory,,reference,,,10.711718404,-6.378777152,1764590479.058854580
trajectory,,reference,,,11.153954441,-6.143753861,1764590479.463978291
trajectory,,reference,,,11.717453928,-5.896284603,1764590479.869098186
trajectory,,reference,,,12.210010003,-5.684002630,1764590480.280619621
trajectory,,reference,,,12.765929481,-5.541813115,1764590480.685739517
trajectory,,reference,,,13.358360715,-5.348487188,1764590481.097262383
trajectory,,reference,,,13.846249565,-5.199420505,1764590481.502380848
trajectory,,reference,,,14.425546612,-5.039203899,1764590481.907500744
trajectory,,reference,,,14.923787899,-4.862271917,1764590482.319022417
trajectory,,reference,,,15.451528868,-4.784348633,1764590482.724142313
trajectory,,reference,,,16.050286623,-4.721970512,1764590483.135673046
trajectory,,reference,,,16.547380810,-4.666670867,1764590483.540804148
trajectory,,reference,,,17.086435515,-4.688522419,1764590483.945924044
trajectory,,reference,,,17.657640861,-4.708128882,1764590484.357445717
trajectory,,reference,,,17.998927345,-4.750074638,1764590484.661285639
trajectory,,reference,,,18.487832788,-4.952587817,1764590485.072807074
trajectory,,reference,,,18.946608508,-5.201958420,1764590485.477927685
trajectory,,reference,,,19.137024617,-5.341555371,1764590485.680487633
trajectory,,reference,,,19.532224711,-5.690409822,1764590486.091554403
trajectory,,reference,,,19.937528529,-6.066066189,1764590486.496669769
trajectory,,reference,,,20.346943718,-6.538746268,1764590487.009001493
trajectory,,reference,,,20.753723690,-7.033335987,1764590487.414131403
trajectory,,reference,,,21.103729755,-7.445288722,1764590487.819251537
trajectory,,reference,,,21.441653169,-7.933155368,1764590488.230293274
trajectory,,reference,,,21.851123091,-8.410277053,1764590488.635413170
trajectory,,reference,,,22.207133608,-8.831480492,1764590489.046455622
trajectory,,reference,,,22.637435154,-9.328305766,1764590489.451575041
trajectory,,reference,,,23.041925541,-9.737331297,1764590489.856694937
trajectory,,reference,,,23.431494375,-10.165631710,1764590490.268236637
trajectory,,reference,,,23.856530220,-10.623303955,1764590490.673356533
trajectory,,reference,,,24.265339177,-11.006457225,1764590491.084866285
trajectory,,reference,,,24.642189712,-11.466729565,1764590491.489997387
trajectory,,reference,,,25.022369535,-11.886078062,1764590491.895117283
trajectory,,reference,,,25.381311053,-12.284217607,1764590492.306636572
trajectory,,reference,,,25.828569117,-12.702177294,1764590492.711756468
trajectory,,reference,,,26.136807717,-12.966231768,1764590493.021982908
trajectory,,reference,,,26.491093961,-13.372461774,1764590493.427114964
trajectory,,reference,,,26.827773488,-13.687600350,1764590493.730955124
trajectory,,reference,,,27.215898217,-14.074035630,1764590494.142456770
trajectory,,reference,,,27.648215647,-14.439020168,1764590494.547574520
trajectory,,reference,,,28.110593230,-14.839495301,1764590494.952694416
trajectory,,reference,,,28.515959195,-15.178566617,1764590495.364145756
trajectory,,reference,,,28.971096588,-15.601180938,1764590495.769265652
trajectory,,reference,,,29.428542327,-15.970282455,1764590496.180737734
trajectory,,reference,,,29.839287993,-16.337199366,1764590496.585857868
trajectory,,reference,,,30.333417597,-16.746250136,1764590496.997335911
trajectory,,reference,,,30.837544899,-17.050082662,1764590497.402458191
trajectory,,reference,,,31.326781227,-17.433837460,1764590497.807578087
trajectory,,reference,,,31.848387047,-17.701914559,1764590498.219105005
trajectory,,reference,,,32.349489306,-17.951504447,1764590498.624225140
trajectory,,reference,,,32.803463202,-18.098565936,1764590498.928065062
trajectory,,reference,,,33.418528836,-18.188575564,1764590499.339173317
trajectory,,reference,,,34.041292762,-18.208867946,1764590499.744293451
trajectory,,reference,,,34.552071414,-18.160548785,1764590500.054079056
trajectory,,reference,,,35.121678410,-17.916048636,1764590500.459198952
trajectory,,reference,,,35.651599948,-17.665246681,1764590500.864319086
trajectory,,reference,,,36.177748716,-17.349915765,1764590501.275862455
trajectory,,reference,,,36.623605185,-17.061973720,1764590501.680982590
trajectory,,reference,,,37.116922640,-16.777011439,1764590502.092509508
trajectory,,reference,,,37.578429318,-16.459012576,1764590502.497625351
trajectory,,reference,,,38.023722012,-16.209058703,1764590502.902745247
trajectory,,reference,,,38.551286790,-15.869309805,1764590503.314287424
trajectory,,reference,,,38.968850815,-15.509411663,1764590503.719407320
trajectory,,reference,,,39.419186930,-15.214262866,1764590504.130928040
trajectory,,reference,,,39.889182864,-14.820793969,1764590504.536049128
trajectory,,reference,,,40.252393634,-14.461756629,1764590504.941169262
trajectory,,reference,,,40.677977100,-14.097873783,1764590505.352691174
trajectory,,reference,,,41.057841324,-13.683799419,1764590505.757811308
trajectory,,reference,,,41.398272355,-13.306119081,1764590506.169353485
trajectory,,reference,,,41.815792568,-12.887819328,1764590506.574473381
trajectory,,reference,,,42.173621171,-12.485657215,1764590506.985994577
trajectory,,reference,,,42.569031876,-12.090335324,1764590507.391116619
trajectory,,reference,,,43.017268708,-11.659116579,1764590507.796236515
trajectory,,reference,,,43.395049012,-11.268699394,1764590508.207778931
trajectory,,reference,,,43.842025656,-10.871998899,1764590508.612898827
trajectory,,reference,,,44.194552219,-10.437123806,1764590509.024416685
trajectory,,reference,,,44.527004847,-10.043740671,1764590509.429541826
trajectory,,reference,,,44.942975346,-9.617808482,1764590509.834661961
trajectory,,reference,,,45.266825170,-9.216667355,1764590510.245723963
trajectory,,reference,,,45.665279558,-8.855652994,1764590510.650843859
trajectory,,reference,,,46.053918032,-8.400820686,1764590511.061893940
trajectory,,reference,,,46.371798454,-7.985737605,1764590511.467024088
trajectory,,reference,,,46.761548517,-7.578766870,1764590511.872144222
trajectory,,reference,,,47.069543352,-7.077180966,1764590512.283184290
trajectory,,reference,,,47.399979380,-6.606286635,1764590512.688304424
trajectory,,reference,,,47.752743332,-6.073845974,1764590513.099332809
trajectory,,reference,,,48.011440507,-5.613536865,1764590513.504465103
trajectory,,reference,,,48.329784100,-5.218322221,1764590513.909585238
trajectory,,reference,,,48.607824885,-4.720285476,1764590514.321105480
trajectory,,reference,,,48.895933756,-4.229040706,1764590514.827505350
trajectory,,reference,,,49.246820038,-3.788144915,1764590515.239025354
trajectory,,reference,,,49.636441928,-3.317268991,1764590515.745425463
trajectory,,reference,,,50.061305566,-2.949647593,1764590516.156934977
trajectory,,reference,,,50.447425392,-2.586301668,1764590516.562066317
trajectory,,reference,,,50.709706818,-2.348364300,1764590516.865906477
trajectory,,reference,,,51.163073224,-1.992538530,1764590517.277427673
trajectory,,reference,,,51.547675548,-1.646773039,1764590517.682547808
trajectory,,reference,,,52.065743289,-1.311599747,1764590518.195349693
trajectory,,reference,,,52.532306813,-1.082686588,1764590518.600469828
trajectory,,reference,,,52.819188556,-0.926183547,1764590518.904309750
trajectory,,reference,,,53.103883296,-0.834274113,1764590519.214551926
trajectory,,reference,,,53.600297624,-0.740189145,1764590519.619671822
trajectory,,reference,,,54.120130487,-0.621256464,1764590520.132023096
trajectory,,reference,,,54.718865599,-0.649281630,1764590520.638433456
trajectory,,reference,,,55.129041318,-0.637269971,1764590521.049470425
trajectory,,reference,,,55.399761244,-0.665357489,1764590521.353315592
trajectory,,reference,,,55.656975452,-0.764968761,1764590521.657155514
trajectory,,reference,,,55.839149969,-0.834781754,1764590521.960995674
trajectory,,reference,,,55.963918652,-0.860602549,1764590522.169477224
trajectory,,reference,,,56.113437902,-0.912559872,1764590522.777157068
trajectory,,reference,,,56.109121399,-0.845165325,1764590539.290015936
trajectory,,reference,,,56.106731369,-0.688960826,1764590539.492575884
trajectory,,reference,,,56.113026211,-0.442454694,1764590539.695136070
trajectory,,reference,,,56.117994661,-0.168516815,1764590539.897696018
trajectory,,reference,,,56.114293720,-0.046916853,1764590540.005304813
trajectory,,reference,,,56.064357281,0.192089453,1764590540.207870007
trajectory,,reference,,,55.954490470,0.474796401,1764590540.511709929
trajectory,,reference,,,55.869084109,0.587081455,1764590540.714269876
trajectory,,reference,,,55.745085082,0.658404247,1764590540.916830063
trajectory,,reference,,,55.481601363,0.711671620,1764590541.227054596
trajectory,,reference,,,54.948197411,0.746764851,1764590541.632174492
trajectory,,reference,,,54.644714192,0.728461215,1764590541.834734678
trajectory,,reference,,,54.119272647,0.616928167,1764590542.245847464
trajectory,,reference,,,53.561325974,0.485133134,1764590542.650967598
trajectory,,reference,,,53.265162023,0.371075008,1764590542.853527546
trajectory,,reference,,,52.816401629,0.086308648,1764590543.264620543
trajectory,,reference,,,52.407472883,-0.200855904,1764590543.669740438
trajectory,,reference,,,51.998664777,-0.550519152,1764590544.080828428
trajectory,,reference,,,51.606326939,-0.976270981,1764590544.587229252
trajectory,,reference,,,51.217198330,-1.303689814,1764590544.998296261
trajectory,,reference,,,50.814445751,-1.715277626,1764590545.504694462
trajectory,,reference,,,50.388725484,-2.088416799,1764590546.017512560
trajectory,,reference,,,50.106442262,-2.376741509,1764590546.321355820
trajectory,,reference,,,49.818303516,-2.846944336,1764590546.827755690
trajectory,,reference,,,49.478509111,-3.262856127,1764590547.340555668
trajectory,,reference,,,49.332475685,-3.667106972,1764590547.846955776
trajectory,,reference,,,49.344791693,-3.977719493,1764590548.258475780
trajectory,,reference,,,49.529518975,-4.223504437,1764590549.075110197
trajectory,,reference,,,49.612271519,-4.269287828,1764590549.581516266
trajectory,,reference,,,49.543131815,-4.265625297,1764590567.222030640
trajectory,,reference,,,49.282771407,-4.330653805,1764590567.829710484
trajectory,,reference,,,48.833393876,-4.612110248,1764590568.443741322
trajectory,,reference,,,48.497657116,-5.081329288,1764590568.950141430
trajectory,,reference,,,48.237686935,-5.458679767,1764590569.260761023
trajectory,,reference,,,48.019907048,-5.815752992,1764590569.564601183
trajectory,,reference,,,47.633795422,-6.287585315,1764590570.077405453
trajectory,,reference,,,47.323678923,-6.737295282,1764590570.482527733
trajectory,,reference,,,47.001417909,-7.272720624,1764590570.995366335
trajectory,,reference,,,46.646479259,-7.714590181,1764590571.400487423
trajectory,,reference,,,46.353857766,-8.147633033,1764590571.805607319
trajectory,,reference,,,46.091282920,-8.604386281,1764590572.217252254
trajectory,,reference,,,45.733338069,-9.083688498,1764590572.622372389
trajectory,,reference,,,45.462383496,-9.567628757,1764590573.034457445
trajectory,,reference,,,45.131631362,-10.018745007,1764590573.439587831
trajectory,,reference,,,44.768550745,-10.469800564,1764590573.844707727
trajectory,,reference,,,44.434000092,-10.865232890,1764590574.256753445
trajectory,,reference,,,44.047930236,-11.218133958,1764590574.661873341
trajectory,,reference,,,43.681405188,-11.584398309,1764590575.073409319
trajectory,,reference,,,43.254313103,-11.998768905,1764590575.579813480
trajectory,,reference,,,42.877322849,-12.359611384,1764590575.991319656
trajectory,,reference,,,42.443969064,-12.784191758,1764590576.497724771
trajectory,,reference,,,41.953072368,-13.117424580,1764590577.010462523
trajectory,,reference,,,41.412501352,-13.400560843,1764590577.516867161
trajectory,,reference,,,40.816621505,-13.520228342,1764590578.030052423
trajectory,,reference,,,40.184135512,-13.498052934,1764590578.536448002
trajectory,,reference,,,39.639189801,-13.450002027,1764590578.941567898
trajectory,,reference,,,39.136754681,-13.303147606,1764590579.353018284
trajectory,,reference,,,38.607417935,-13.171828614,1764590579.859418392
trajectory,,reference,,,38.355203756,-13.129446989,1764590580.169643164
trajectory,,reference,,,38.190726195,-13.073294848,1764590580.372203350
trajectory,,reference,,,37.969672393,-12.889442859,1764590580.986329556
trajectory,,reference,,,37.879134075,-12.798396112,1764590581.594017744
trajectory,,reference,,,37.878594604,-12.814819373,1764590602.193485498
trajectory,,reference,,,37.957026076,-12.943807515,1764590602.699885607
trajectory,,reference,,,38.028773523,-13.337579166,1764590603.213165998
trajectory,,reference,,,37.990334617,-13.863825273,1764590603.719566107
trajectory,,reference,,,37.860358117,-14.247541550,1764590604.131561756
trajectory,,reference,,,37.632400119,-14.720501877,1764590604.536684990
trajectory,,reference,,,37.361275484,-15.257708015,1764590605.049956083
trajectory,,reference,,,36.994974868,-15.714545848,1764590605.455080986
trajectory,,reference,,,36.710083314,-16.219172625,1764590605.860200882
trajectory,,reference,,,36.432344756,-16.672510190,1764590606.272174120
trajectory,,reference,,,36.178652126,-17.268867857,1764590606.677294016
trajectory,,reference,,,36.066884972,-17.843272421,1764590607.089257479
trajectory,,reference,,,35.901894762,-18.405573882,1764590607.494392157
trajectory,,reference,,,35.830474874,-18.902864553,1764590607.798232079
trajectory,,reference,,,35.818185620,-19.478660858,1764590608.209776640
trajectory,,reference,,,35.793640648,-20.040973859,1764590608.614896536
trajectory,,reference,,,35.833703655,-20.379885120,1764590608.817456722
trajectory,,reference,,,36.018303135,-20.914436818,1764590609.229004860
trajectory,,reference,,,36.092039479,-21.431579575,1764590609.634124756
trajectory,,reference,,,36.129723449,-22.006210580,1764590610.045672417
trajectory,,reference,,,36.154794434,-22.339739197,1764590610.349512339
trajectory,,reference,,,35.925890617,-22.884138995,1764590610.855912447
trajectory,,reference,,,35.695233237,-23.396450274,1764590611.267456770
trajectory,,reference,,,35.387637046,-23.803670755,1764590611.672576666
trajectory,,reference,,,35.039302999,-24.306515639,1764590612.084587097
trajectory,,reference,,,34.817020474,-24.825255623,1764590612.489717960
trajectory,,reference,,,34.553437733,-25.274906255,1764590612.894838095
trajectory,,reference,,,34.410749137,-25.720622919,1764590613.205558777
trajectory,,reference,,,34.371691280,-26.121804503,1764590613.509398699
trajectory,,reference,,,34.345891927,-26.620882822,1764590613.914518833
trajectory,,reference,,,34.335812546,-26.891293315,1764590614.123950481
trajectory,,reference,,,34.390918589,-27.294171995,1764590614.427795649
trajectory,,reference,,,34.592069389,-27.854056888,1764590614.934195757
trajectory,,reference,,,34.769237236,-28.320182529,1764590615.346170187
trajectory,,reference,,,35.036264648,-28.812043211,1764590615.852570057
trajectory,,reference,,,35.312718007,-29.299553745,1764590616.467108250
trajectory,,reference,,,35.682146495,-29.664538286,1764590617.284231901
trajectory,,reference,,,35.822144190,-29.704758260,1764590617.588071823
trajectory,,reference,,,35.882741141,-29.504261219,1764590618.303477526
trajectory,,reference,,,35.967226170,-29.444109977,1764590632.678002834
trajectory,,reference,,,35.929873030,-29.510505309,1764590633.089519978
trajectory,,reference,,,35.860034076,-29.476524045,1764590633.697203875
trajectory,,reference,,,35.602467369,-28.978331408,1764590634.514324903
trajectory,,reference,,,35.369027256,-28.420247046,1764590635.128891468
trajectory,,reference,,,35.044987187,-28.020440367,1764590635.635286808
trajectory,,reference,,,34.816464521,-27.534374915,1764590636.148576498
trajectory,,reference,,,34.753261995,-27.024175076,1764590636.654987574
trajectory,,reference,,,34.683688943,-26.663752688,1764590637.066893578
trajectory,,reference,,,34.934946333,-26.121283315,1764590637.573306561
trajectory,,reference,,,35.208306677,-25.650078912,1764590638.086570978
trajectory,,reference,,,35.464529924,-25.336159155,1764590638.491686821
trajectory,,reference,,,35.785820480,-25.023138982,1764590638.896806955
trajectory,,reference,,,35.980856645,-24.842880065,1764590639.207549095
trajectory,,reference,,,36.195473480,-24.645894070,1764590639.511389256
trajectory,,reference,,,36.724134423,-24.463076697,1764590640.024668932
trajectory,,reference,,,37.038388672,-24.372998670,1764590640.328512669
trajectory,,reference,,,37.311446149,-24.332131633,1764590640.632352829
trajectory,,reference,,,37.499408023,-24.360618616,1764590640.834912777
trajectory,,reference,,,37.765691432,-24.442498823,1764590641.145183325
trajectory,,reference,,,38.042016281,-24.464053737,1764590641.449036360
trajectory,,reference,,,38.402165379,-24.597084843,1764590641.955436230
trajectory,,reference,,,38.800935290,-24.942295482,1764590642.569518566
trajectory,,reference,,,39.040105804,-25.353066849,1764590643.183599949
trajectory,,reference,,,39.069906481,-25.546339896,1764590643.487439871
trajectory,,reference,,,39.079563485,-25.648824664,1764590643.689999819
trajectory,,reference,,,39.054020029,-25.532167620,1764590661.638258696
trajectory,,reference,,,39.076479273,-25.389439098,1764590661.840818644
trajectory,,reference,,,39.095893037,-25.263588838,1764590662.049795151
trajectory,,reference,,,39.120018553,-25.139508307,1764590662.252360106
trajectory,,reference,,,39.133533796,-25.040589884,1764590662.454920292
trajectory,,reference,,,39.144415546,-24.947688866,1764590662.758760214
trajectory,,reference,,,39.151866839,-24.904670238,1764590662.961320162
trajectory,,reference,,,38.919951836,-24.689115605,1764590663.575403929
trajectory,,reference,,,38.793128452,-24.554861958,1764590663.777964115
trajectory,,reference,,,38.378348840,-24.121086718,1764590664.392068386
trajectory,,reference,,,38.060346170,-23.805767064,1764590664.797188282
trajectory,,reference,,,37.888338655,-23.611903323,1764590665.006642342
trajectory,,reference,,,37.499815224,-23.144435810,1764590665.513051033
trajectory,,reference,,,37.189599783,-22.605533244,1764590666.026327133
trajectory,,reference,,,36.961643736,-22.333589380,1764590666.330171108
trajectory,,reference,,,36.594495926,-21.885545620,1764590666.836571217
trajectory,,reference,,,36.292244883,-21.455648950,1764590667.248570204
trajectory,,reference,,,35.876615750,-21.015750658,1764590667.754970074
trajectory,,reference,,,35.483158010,-20.621730421,1764590668.166959047
trajectory,,reference,,,35.093311932,-20.252141176,1764590668.572090387
trajectory,,reference,,,34.706247166,-19.912086133,1764590668.977210283
trajectory,,reference,,,34.320783139,-19.524667632,1764590669.389211178
trajectory,,reference,,,33.943825379,-19.185873290,1764590669.794331074
trajectory,,reference,,,33.552966243,-18.788061424,1764590670.206333637
trajectory,,reference,,,33.401725238,-18.526860692,1764590670.408893585
trajectory,,reference,,,33.291406400,-18.236793316,1764590670.611453772
trajectory,,reference,,,33.207770825,-17.971764834,1764590670.814013720
trajectory,,reference,,,33.175835888,-17.857141299,1764590670.915293694
trajectory,,reference,,,33.145945887,-17.738385104,1764590671.023460388
trajectory,,reference,,,33.120194175,-17.641506338,1764590671.124740362
trajectory,,reference,,,33.096114036,-17.568772560,1764590671.226016998
trajectory,,reference,,,33.021707562,-17.420014396,1764590671.428576946
trajectory,,reference,,,32.780624895,-17.051356148,1764590671.833697081
trajectory,,reference,,,32.449835268,-16.817494627,1764590672.245718956
trajectory,,reference,,,32.051190692,-16.459626893,1764590672.853399038
trajectory,,reference,,,31.899094433,-16.383812054,1764590673.164119244
trajectory,,reference,,,31.663238924,-16.286055982,1764590673.670520782
trajectory,,reference,,,31.564696798,-16.239062549,1764590673.974360943
trajectory,,reference,,,31.488747461,-16.183370258,1764590691.216082096
trajectory,,reference,,,31.237266013,-15.864954670,1764590691.823762178
trajectory,,reference,,,30.722000136,-15.612319376,1764590692.337524414
trajectory,,reference,,,30.263293400,-15.376767610,1764590692.742644548
trajectory,,reference,,,29.836391403,-15.162243066,1764590693.053854704
trajectory,,reference,,,29.319105733,-15.033085009,1764590693.458986282
trajectory,,reference,,,28.839402359,-14.851801176,1764590693.864106178
trajectory,,reference,,,28.300765828,-14.634585757,1764590694.276587248
trajectory,,reference,,,27.794505699,-14.486499857,1764590694.782987356
trajectory,,reference,,,27.319698452,-14.151194607,1764590695.195469379
trajectory,,reference,,,26.853584996,-13.963863270,1764590695.600589275
trajectory,,reference,,,26.321172555,-13.625768527,1764590696.113892555
trajectory,,reference,,,26.077775352,-13.489044003,1764590696.316450596
trajectory,,reference,,,25.571856090,-13.267531861,1764590696.721570492
trajectory,,reference,,,25.118574117,-13.132861659,1764590697.133573771
trajectory,,reference,,,24.873225920,-13.065471058,1764590697.336130619
trajectory,,reference,,,24.617745623,-12.940646011,1764590697.538690567
trajectory,,reference,,,24.059508033,-12.828742081,1764590698.052452087
trajectory,,reference,,,23.502134280,-12.666098454,1764590698.558850527
trajectory,,reference,,,23.225706749,-12.626061284,1764590698.862690449
trajectory,,reference,,,22.989078456,-12.585514413,1764590699.376451492
trajectory,,reference,,,22.927305314,-12.606885494,1764590699.680291653
trajectory,,reference,,,22.887435567,-12.633798077,1764590700.295353413
trajectory,,reference,,,22.920043699,-12.616671798,1764590718.251261950
trajectory,,reference,,,23.099604208,-12.469711726,1764590718.656381845
trajectory,,reference,,,23.225847132,-12.322700303,1764590718.960222006
trajectory,,reference,,,23.272769294,-12.105036181,1764590719.270943165
trajectory,,reference,,,23.245687247,-11.969922153,1764590719.473503113
trajectory,,reference,,,23.083787754,-11.405664331,1764590720.088061094
trajectory,,reference,,,22.970576199,-10.875416909,1764590720.493184566
trajectory,,reference,,,22.805546469,-10.285647926,1764590721.006466627
trajectory,,reference,,,22.680080949,-9.738048144,1764590721.411585808
trajectory,,reference,,,22.499615267,-9.227138587,1764590721.816705704
trajectory,,reference,,,22.358581055,-8.741026895,1764590722.229187250
trajectory,,reference,,,22.233683080,-8.174642190,1764590722.634307384
trajectory,,reference,,,22.069504512,-7.695808070,1764590723.046797276
trajectory,,reference,,,21.985459846,-7.194127735,1764590723.451928616
trajectory,,reference,,,21.896398285,-6.677888820,1764590723.857048512
trajectory,,reference,,,21.788050205,-6.175040037,1764590724.269529819
trajectory,,reference,,,21.801402259,-5.606823672,1764590724.674649954
trajectory,,reference,,,21.787543339,-5.062590097,1764590725.087126970
trajectory,,reference,,,21.752448356,-4.516157786,1764590725.492251158
trajectory,,reference,,,21.845947124,-3.945061382,1764590725.897371054
trajectory,,reference,,,21.825328655,-3.414563784,1764590726.309852362
trajectory,,reference,,,21.862709809,-2.868881768,1764590726.714972496
trajectory,,reference,,,21.981776200,-2.303534173,1764590727.127457380
trajectory,,reference,,,22.072480193,-1.737352953,1764590727.532573938
trajectory,,reference,,,22.260417801,-1.180289094,1764590727.937693834
trajectory,,reference,,,22.467643150,-0.741587174,1764590728.248455286
trajectory,,reference,,,22.616156124,-0.487639817,1764590728.451015234
trajectory,,reference,,,22.855126183,-0.178746559,1764590728.754855156
trajectory,,reference,,,23.015655461,-0.005783215,1764590728.957415104
trajectory,,reference,,,23.260383702,0.312707136,1764590729.268136501
trajectory,,reference,,,23.549191228,0.676601423,1764590729.673256397
trajectory,,reference,,,23.900509145,1.054342111,1764590730.085731745
trajectory,,reference,,,24.376647240,1.484104741,1764590730.490858078
trajectory,,reference,,,24.787947336,1.837235424,1764590730.895977974
trajectory,,reference,,,25.297218832,2.200278670,1764590731.308459282
trajectory,,reference,,,25.769986129,2.612512106,1764590731.713579178
trajectory,,reference,,,26.231099148,2.954913536,1764590732.126062870
trajectory,,reference,,,26.719086529,3.356701080,1764590732.531178951
trajectory,,reference,,,27.168553502,3.747962470,1764590732.936299086
trajectory,,reference,,,27.699919110,4.080793388,1764590733.348776102
trajectory,,reference,,,28.201567056,4.498680181,1764590733.753896236
trajectory,,reference,,,28.682252118,4.851684845,1764590734.166354179
trajectory,,reference,,,29.093991571,5.153225484,1764590734.470193863
trajectory,,reference,,,29.558927783,5.583849443,1764590734.875313997
trajectory,,reference,,,30.003568387,6.016642652,1764590735.287796259
trajectory,,reference,,,30.509773505,6.396510863,1764590735.692916155
trajectory,,reference,,,30.833620211,6.677623523,1764590736.004136801
trajectory,,reference,,,31.251194849,7.054757209,1764590736.409260035
trajectory,,reference,,,31.753609936,7.475055213,1764590736.814379930
trajectory,,reference,,,32.179071907,7.823444310,1764590737.226882458
trajectory,,reference,,,32.713179086,8.198992480,1764590737.632002592
trajectory,,reference,,,33.189955216,8.596649929,1764590738.044474840
trajectory,,reference,,,33.631427306,8.989804252,1764590738.449604750
trajectory,,reference,,,34.019424414,9.333040499,1764590738.753444910
trajectory,,reference,,,34.460246289,9.733556101,1764590739.165468454
trajectory,,reference,,,34.864628363,10.223964222,1764590739.570588112
trajectory,,reference,,,35.074649083,10.478777682,1764590739.773148060
trajectory,,reference,,,35.482974238,10.896865799,1764590740.185161114
trajectory,,reference,,,35.945894464,11.262968863,1764590740.590291262
trajectory,,reference,,,36.447733750,11.675978749,1764590741.002290487
trajectory,,reference,,,36.678330483,11.847100832,1764590741.204853296
trajectory,,reference,,,37.121378176,12.251843587,1764590741.609973192
trajectory,,reference,,,37.504966990,12.576877432,1764590741.913813353
trajectory,,reference,,,37.980237481,12.945874237,1764590742.325814962
trajectory,,reference,,,38.485236207,13.283316450,1764590742.730935097
trajectory,,reference,,,38.895008642,13.580104314,1764590743.042145729
trajectory,,reference,,,39.241365888,13.843075415,1764590743.345997095
trajectory,,reference,,,39.724078381,14.181928222,1764590743.751116991
trajectory,,reference,,,40.150374999,14.469134215,1764590744.062312603
trajectory,,reference,,,40.640831177,14.765290563,1764590744.467438936
trajectory,,reference,,,41.130189923,15.111980704,1764590744.872558832
trajectory,,reference,,,41.663488778,15.469098046,1764590745.285039663
trajectory,,reference,,,42.042910830,15.680957039,1764590745.588879585
trajectory,,reference,,,42.565626499,16.000167661,1764590746.001353025
trajectory,,reference,,,43.106761625,16.314858130,1764590746.406477451
trajectory,,reference,,,43.479362548,16.508726220,1764590746.710317612
trajectory,,reference,,,44.031427213,16.770419714,1764590747.122781754
trajectory,,reference,,,44.433684744,16.990437055,1764590747.426636457
trajectory,,reference,,,44.920500145,17.263150458,1764590747.831756592
trajectory,,reference,,,45.472240824,17.617096871,1764590748.244238377
trajectory,,reference,,,45.965542147,17.895254405,1764590748.649358273
trajectory,,reference,,,46.454708806,18.227765973,1764590749.061841965
trajectory,,reference,,,46.968347597,18.602527232,1764590749.466963053
trajectory,,reference,,,47.390655323,19.007493539,1764590749.872082949
trajectory,,reference,,,47.905324716,19.408577544,1764590750.284127712
trajectory,,reference,,,48.332052547,19.794211722,1764590750.689247847
trajectory,,reference,,,48.734892889,20.173354345,1764590751.101262569
trajectory,,reference,,,49.186659543,20.596966660,1764590751.506391525
trajectory,,reference,,,49.345644456,20.799151169,1764590751.708951473
trajectory,,reference,,,49.515049505,21.014367250,1764590751.911511660
trajectory,,reference,,,49.794878866,21.324343860,1764590752.222231865
trajectory,,reference,,,50.205939202,21.748685824,1764590752.627351761
trajectory,,reference,,,50.540428278,22.163451117,1764590753.039331436
trajectory,,reference,,,50.972366324,22.554742524,1764590753.444446564
trajectory,,reference,,,51.363686085,22.938746410,1764590753.849566460
trajectory,,reference,,,51.777798544,23.309496277,1764590754.262021065
trajectory,,reference,,,52.253623849,23.662878021,1764590754.667141199
trajectory,,reference,,,52.633748711,23.976660536,1764590755.079530239
trajectory,,reference,,,53.107076897,24.196799350,1764590755.585940361
trajectory,,reference,,,53.347746012,24.310247632,1764590755.991060495
trajectory,,reference,,,53.458618320,24.381523430,1764590756.201065302
trajectory,,reference,,,53.664508514,24.386898403,1764590756.707465172
trajectory,,reference,,,53.622161668,24.361639174,1764590772.420138836
trajectory,,reference,,,53.497197150,24.419920392,1764590772.622698784
trajectory,,reference,,,53.421950747,24.458347723,1764590772.723978758
trajectory,,reference,,,53.346905810,24.497977475,1764590772.825258732
trajectory,,reference,,,53.275629272,24.537712469,1764590772.926538706
trajectory,,reference,,,53.139080054,24.602037822,1764590773.135971546
trajectory,,reference,,,53.043942868,24.644042267,1764590773.338539600
trajectory,,reference,,,52.969972306,24.617236121,1764590773.642379522
trajectory,,reference,,,52.915550159,24.415009085,1764590773.946219444
trajectory,,reference,,,52.615424928,23.910127194,1764590774.459499121
trajectory,,reference,,,52.438612265,23.582490109,1764590774.763339043
trajectory,,reference,,,52.258294411,23.104021631,1764590775.277078390
trajectory,,reference,,,51.976272642,22.571343801,1764590775.783478260
trajectory,,reference,,,51.764753132,22.092245817,1764590776.297259331
trajectory,,reference,,,51.402595368,21.638483621,1764590776.803659201
trajectory,,reference,,,51.040626970,21.253856107,1764590777.216141224
trajectory,,reference,,,50.729853967,20.950266977,1764590777.621261358
trajectory,,reference,,,50.283464420,20.676798513,1764590778.033742428
trajectory,,reference,,,49.839320912,20.310920085,1764590778.540143728
trajectory,,reference,,,49.320616176,19.981390095,1764590779.053911448
trajectory,,reference,,,48.838535895,19.644068785,1764590779.459045887
trajectory,,reference,,,48.445443967,19.320911124,1764590779.864165783
trajectory,,reference,,,47.950551338,19.006816378,1764590780.276648045
trajectory,,reference,,,47.528530508,18.672957171,1764590780.681767941
trajectory,,reference,,,47.009209282,18.349520207,1764590781.195529461
trajectory,,reference,,,46.536425860,18.051523356,1764590781.600650787
trajectory,,reference,,,46.092758059,17.669687717,1764590782.113960981
trajectory,,reference,,,45.708010661,17.325793018,1764590782.519093275
trajectory,,reference,,,45.557688895,16.848968030,1764590783.134045839
trajectory,,reference,,,45.507615003,16.606885215,1764590783.539174318
trajectory,,reference,,,45.531564509,16.372918635,1764590783.944294453
trajectory,,reference,,,45.498854969,16.517863881,1764590802.514801502
trajectory,,reference,,,45.563155864,16.802834866,1764590802.818641424
trajectory,,reference,,,45.421366749,17.234267835,1764590803.433728218
trajectory,,reference,,,44.914870755,17.488633809,1764590804.150064468
trajectory,,reference,,,44.382615328,17.546999298,1764590804.656470060
trajectory,,reference,,,43.873446183,17.383704797,1764590805.170228481
trajectory,,reference,,,43.383988897,17.154273880,1764590805.676630974
trajectory,,reference,,,43.053972147,16.944399236,1764590805.980471134
trajectory,,reference,,,42.587287424,16.625588391,1764590806.494231224
trajectory,,reference,,,42.071910540,16.322680350,1764590807.000631332
trajectory,,reference,,,41.666718055,16.028720880,1764590807.413109541
trajectory,,reference,,,41.157972249,15.751636593,1764590807.919509411
trajectory,,reference,,,40.665861048,15.470392418,1764590808.332467794
trajectory,,reference,,,40.172155586,15.175265756,1764590808.838867664
trajectory,,reference,,,39.691988158,14.956814853,1764590809.251828909
trajectory,,reference,,,39.259777393,14.659648696,1764590809.656949043
trajectory,,reference,,,38.780321848,14.348812573,1764590810.171184778
trajectory,,reference,,,38.324489989,14.073211800,1764590810.576310873
trajectory,,reference,,,37.850073127,13.714527628,1764590811.090545654
trajectory,,reference,,,37.404275191,13.399622501,1764590811.495670319
trajectory,,reference,,,37.010237437,13.061469938,1764590811.900790215
trajectory,,reference,,,36.622950316,12.745347014,1764590812.313749552
trajectory,,reference,,,36.254768834,12.468470890,1764590812.617589474
trajectory,,reference,,,35.892769216,12.111906180,1764590813.030536175
trajectory,,reference,,,35.510444621,11.731186846,1764590813.536949396
trajectory,,reference,,,35.035674141,11.414449913,1764590814.051181316
trajectory,,reference,,,34.549686980,11.077197172,1764590814.658870935
trajectory,,reference,,,34.167549863,10.768908585,1764590815.071830750
trajectory,,reference,,,33.914152016,10.302756813,1764590815.578233719
trajectory,,reference,,,33.748856027,9.821019238,1764590815.983353615
trajectory,,reference,,,33.822282106,9.314596718,1764590816.395876408
trajectory,,reference,,,33.957762024,8.806897465,1764590816.902276278
trajectory,,reference,,,34.095055064,8.453086114,1764590817.416038752
trajectory,,reference,,,34.198243546,8.175833659,1764590819.051244974
trajectory,,reference,,,34.113067446,8.279165670,1764590834.258222818
trajectory,,reference,,,33.948951483,8.566268148,1764590835.278885365
trajectory,,reference,,,33.956490170,8.639974842,1764590835.481445312
trajectory,,reference,,,33.961997876,8.671965661,1764590835.582725286
trajectory,,reference,,,33.956948388,8.698386411,1764590835.785285473
trajectory,,reference,,,33.502281391,8.364651483,1764590836.603367567
trajectory,,reference,,,33.203614522,8.159111628,1764590836.907207727
trajectory,,reference,,,32.941115837,8.001913385,1764590837.117152691
trajectory,,reference,,,32.683596526,7.796503043,1764590837.319710016
trajectory,,reference,,,32.334586566,7.507837758,1764590837.623549938
trajectory,,reference,,,32.030380883,7.318359943,1764590837.927389860
trajectory,,reference,,,31.552512492,7.088036658,1764590838.339893103
trajectory,,reference,,,31.062230036,6.832725461,1764590838.745012999
trajectory,,reference,,,30.633639377,6.638953256,1764590839.157498360
trajectory,,reference,,,30.166820070,6.428819673,1764590839.562614202
trajectory,,reference,,,29.802372378,6.348215952,1764590839.967734337
trajectory,,reference,,,29.644515296,6.359546590,1764590840.177641392
trajectory,,reference,,,29.073941307,6.425881230,1764590840.684049845
trajectory,,reference,,,28.816101470,6.395993818,1764590840.886610031
trajectory,,reference,,,28.296999623,6.157824739,1764590841.400824070
trajectory,,reference,,,27.987279601,5.913619066,1764590841.704663992
trajectory,,reference,,,27.810148923,5.690331323,1764590841.907224178
trajectory,,reference,,,27.656163236,5.312776814,1764590842.218883753
trajectory,,reference,,,27.571514361,4.911040888,1764590842.522723913
trajectory,,reference,,,27.585160677,4.460498615,1764590842.826563835
trajectory,,reference,,,27.630967008,4.151672637,1764590843.036970377
trajectory,,reference,,,27.690838989,3.569539379,1764590843.543385267
trajectory,,reference,,,27.811028595,3.291249729,1764590843.847225428
trajectory,,reference,,,28.032897899,3.092473054,1764590844.158897638
trajectory,,reference,,,28.131901592,3.058779490,1764590844.260188580
trajectory,,reference,,,28.715496521,2.969196245,1764590844.766588688
trajectory,,reference,,,29.138048798,2.885522034,1764590845.179576397
trajectory,,reference,,,29.422459977,2.782134418,1764590845.483418703
trajectory,,reference,,,29.812033097,2.394419762,1764590846.098987579
trajectory,,reference,,,30.110380191,1.878446807,1764590846.605389357
trajectory,,reference,,,30.274805522,1.647083075,1764590846.909229279
trajectory,,reference,,,30.499590330,1.138393989,1764590847.423494339
trajectory,,reference,,,30.810285076,0.694714051,1764590848.039026260
trajectory,,reference,,,31.120389086,0.408282028,1764590849.666870117
trajectory,,reference,,,31.289914770,0.270638469,1764590850.281849384
trajectory,,reference,,,31.059308893,0.384711014,1764590865.081859350
trajectory,,reference,,,30.826362611,0.271330191,1764590865.486993551
trajectory,,reference,,,30.381530813,-0.026801869,1764590866.102436066
trajectory,,reference,,,30.084139906,-0.227601634,1764590866.507560730
trajectory,,reference,,,29.548763922,-0.442664578,1764590867.021771193
trajectory,,reference,,,29.253206384,-0.549250863,1764590867.325617313
trajectory,,reference,,,28.712192709,-0.591286820,1764590867.832017422
trajectory,,reference,,,28.208491613,-0.649551427,1764590868.245003462
trajectory,,reference,,,27.616498986,-0.702568416,1764590868.751403570
trajectory,,reference,,,27.017629953,-0.744927780,1764590869.265672684
trajectory,,reference,,,26.484552550,-0.840940618,1764590869.772072792
trajectory,,reference,,,25.926792070,-0.983400997,1764590870.285881042
trajectory,,reference,,,25.426798867,-1.221378025,1764590870.792281151
trajectory,,reference,,,24.944497469,-1.377628042,1764590871.407347202
trajectory,,reference,,,24.789984205,-1.352491551,1764590871.711187124
trajectory,,reference,,,24.786099214,-1.329559616,1764590871.812467098
trajectory,,reference,,,24.800397478,-1.301622243,1764590871.913747311
trajectory,,reference,,,24.828072309,-1.254895449,1764590872.022406340
trajectory,,reference,,,24.856446559,-1.210498939,1764590872.123686314
trajectory,,reference,,,24.900550208,-1.081920045,1764590872.326248646
trajectory,,reference,,,24.909429764,-0.886122255,1764590872.528808594
trajectory,,reference,,,24.795630693,-0.295615581,1764590873.042542219
trajectory,,reference,,,24.766552718,0.206348998,1764590873.447661161
trajectory,,reference,,,24.839751390,0.834642023,1764590873.852781057
trajectory,,reference,,,24.929642624,1.369542822,1764590874.265688896
trajectory,,reference,,,25.108030903,1.890048882,1764590874.670808792
trajectory,,reference,,,25.331952473,2.397563974,1764590875.083662987
trajectory,,reference,,,25.579644326,2.918372060,1764590875.590066433
trajectory,,reference,,,25.770084456,3.233801890,1764590875.893906355
trajectory,,reference,,,25.854831020,3.445058023,1764590876.104242802
trajectory,,reference,,,25.925363951,3.713452243,1764590876.408093214
trajectory,,reference,,,25.970504936,3.903490205,1764590876.711933136
trajectory,,reference,,,26.002340645,4.012982782,1764590876.914493084
trajectory,,reference,,,26.038879738,4.111685181,1764590877.125014305
trajectory,,reference,,,26.051469361,4.183355639,1764590877.327584505
trajectory,,reference,,,26.082401830,4.446228900,1764590878.246969938
trajectory,,reference,,,26.154545685,4.501295621,1764590878.449529886
trajectory,,reference,,,26.358966700,4.606105043,1764590879.470141649
trajectory,,reference,,,26.232443484,4.732384435,1764590883.754301548
trajectory,,reference,,,26.198387446,4.650929116,1764590899.677198410
trajectory,,reference,,,26.228770434,4.434618299,1764590899.981038332
trajectory,,reference,,,26.264162500,4.099237651,1764590900.393971920
trajectory,,reference,,,26.194540115,3.905622108,1764590900.596531868
trajectory,,reference,,,26.101086804,3.707042353,1764590900.799092054
trajectory,,reference,,,25.846948083,3.164056031,1764590901.313305140
trajectory,,reference,,,25.556155959,2.630320212,1764590901.819705009
trajectory,,reference,,,25.299273633,2.175848868,1764590902.232667208
trajectory,,reference,,,24.998347291,1.694287017,1764590902.739067078
trajectory,,reference,,,24.676808974,1.238172624,1764590903.152049780
trajectory,,reference,,,24.413595659,0.682334714,1764590903.658455610
trajectory,,reference,,,24.197550321,0.204012311,1764590904.070999861
trajectory,,reference,,,24.042574950,-0.316568916,1764590904.476127148
trajectory,,reference,,,23.979009610,-0.917054142,1764590904.982527256
trajectory,,reference,,,23.959508045,-1.450079689,1764590905.395055532
trajectory,,reference,,,24.010618301,-2.042470820,1764590905.901455641
trajectory,,reference,,,24.017377356,-2.630275605,1764590906.415213346
trajectory,,reference,,,23.938762608,-3.145815778,1764590906.820333242
trajectory,,reference,,,23.819175090,-3.636065279,1764590907.233243465
trajectory,,reference,,,23.633411689,-4.203340239,1764590907.739643335
trajectory,,reference,,,23.540456422,-4.387276251,1764590907.942203283
trajectory,,reference,,,23.416305328,-4.513511757,1764590908.152573586
trajectory,,reference,,,23.300762757,-4.619495459,1764590908.355139017
trajectory,,reference,,,23.005560035,-4.792638350,1764590908.760259151
trajectory,,reference,,,22.737533257,-4.917984412,1764590909.173210621
trajectory,,reference,,,22.619752675,-4.983551760,1764590909.375778675
trajectory,,reference,,,22.454111350,-5.043580394,1764590909.882178545
trajectory,,reference,,,22.315712626,-5.180028054,1764590928.464807987
trajectory,,reference,,,21.817919025,-4.991053113,1764590929.182094097
trajectory,,reference,,,21.242780236,-4.812756969,1764590929.789769411
trajectory,,reference,,,20.737184656,-4.625890907,1764590930.203216553
trajectory,,reference,,,20.171271748,-4.503418186,1764590930.608350039
trajectory,,reference,,,19.673799399,-4.395369189,1764590931.021772861
trajectory,,reference,,,19.077309385,-4.246818994,1764590931.426888943
trajectory,,reference,,,18.527527712,-4.151330508,1764590931.832009077
trajectory,,reference,,,18.005909571,-4.010961313,1764590932.245446682
trajectory,,reference,,,17.400612159,-3.871063137,1764590932.650566578
trajectory,,reference,,,16.868279402,-3.814781706,1764590933.063990355
trajectory,,reference,,,16.279813646,-3.755384479,1764590933.469124317
trajectory,,reference,,,15.692574863,-3.756611163,1764590933.874244452
trajectory,,reference,,,15.179646199,-3.757599935,1764590934.287685156
trajectory,,reference,,,14.574595259,-3.731198744,1764590934.692805052
trajectory,,reference,,,14.028246873,-3.817994413,1764590935.106000662
trajectory,,reference,,,13.488005422,-3.880074723,1764590935.511127949
trajectory,,reference,,,13.018761028,-3.960903683,1764590935.814968109
trajectory,,localized,,,-0.011421019,0.039945610,1764590368.203319073
trajectory,,localized,,,-0.005693130,0.040542533,1764590368.507148981
trajectory,,localized,,,-0.010697666,0.041829876,1764590368.810998678
trajectory,,localized,,,-0.009685417,0.040361500,1764590369.120322227
trajectory,,localized,,,-0.007873110,0.042148857,1764590369.424171448
trajectory,,localized,,,-0.009936760,0.041654583,1764590369.728011370
trajectory,,localized,,,-0.007036288,0.038732897,1764590370.031728029
trajectory,,localized,,,-0.009870410,0.040099339,1764590370.341181040
trajectory,,localized,,,-0.010072113,0.040084636,1764590370.645020723
trajectory,,localized,,,-0.008256509,0.039201509,1764590370.948856115
trajectory,,localized,,,-0.010279576,0.043390068,1764590371.258186340
trajectory,,localized,,,-0.007895044,0.040344739,1764590371.562026501
trajectory,,localized,,,-0.008509474,0.036580460,1764590371.865866423
trajectory,,localized,,,-0.011042095,0.038816560,1764590372.175150871
trajectory,,localized,,,-0.010729585,0.038400686,1764590372.479000807
trajectory,,localized,,,-0.006731150,0.040778359,1764590372.782840729
trajectory,,localized,,,-0.006022939,0.041841303,1764590373.092669249
trajectory,,localized,,,-0.008173090,0.040209691,1764590373.396514416
trajectory,,localized,,,-0.006494032,0.039573712,1764590373.700354338
trajectory,,localized,,,-0.007937453,0.038658893,1764590374.004140139
trajectory,,localized,,,-0.008092628,0.040847150,1764590374.313794136
trajectory,,localized,,,-0.007563320,0.037741734,1764590374.617485762
trajectory,,localized,,,-0.006272823,0.033548102,1764590374.921246767
trajectory,,localized,,,-0.006218803,0.038604843,1764590375.230771303
trajectory,,localized,,,-0.008657501,0.035743643,1764590375.534413576
trajectory,,localized,,,-0.007646707,0.038105345,1764590375.838194132
trajectory,,localized,,,-0.007761758,0.036581031,1764590376.147583008
trajectory,,localized,,,-0.006666046,0.039907788,1764590376.451130867
trajectory,,localized,,,-0.009405103,0.039464004,1764590376.755811930
trajectory,,localized,,,-0.008560044,0.039408328,1764590377.065811872
trajectory,,localized,,,-0.005828182,0.038550377,1764590377.369055033
trajectory,,localized,,,-0.004960672,0.035687298,1764590377.672816038
trajectory,,localized,,,-0.003941223,0.039114298,1764590377.976913214
trajectory,,localized,,,-0.006000559,0.035799520,1764590378.287614822
trajectory,,localized,,,-0.008103258,0.035423189,1764590378.591459513
trajectory,,localized,,,-0.020893557,0.029516618,1764590378.895299435
trajectory,,localized,,,0.030546059,0.098049880,1764590379.204580545
trajectory,,localized,,,0.067340519,0.175789180,1764590379.508430243
trajectory,,localized,,,0.102456968,0.248604347,1764590379.812270164
trajectory,,localized,,,0.161858844,0.327716427,1764590380.121499538
trajectory,,localized,,,0.225746654,0.474651578,1764590380.425353289
trajectory,,localized,,,0.278575085,0.652933426,1764590380.729193449
trajectory,,localized,,,0.265508562,0.862757427,1764590381.033033371
trajectory,,localized,,,0.218754854,1.098649527,1764590381.342223406
trajectory,,localized,,,0.175009422,1.258872436,1764590381.646063566
trajectory,,localized,,,0.077792876,1.410944873,1764590381.949903250
trajectory,,localized,,,-0.033813778,1.566596773,1764590382.259162426
trajectory,,localized,,,-0.209113868,1.836453422,1764590382.563002586
trajectory,,localized,,,-0.385269624,2.037974648,1764590382.866842508
trajectory,,localized,,,-0.553731629,2.158267158,1764590383.176457405
trajectory,,localized,,,-0.736725006,2.303101860,1764590383.480183840
trajectory,,localized,,,-0.973382885,2.422351534,1764590383.784216642
trajectory,,localized,,,-1.227368884,2.597609920,1764590384.093724966
trajectory,,localized,,,-1.442962440,2.733142067,1764590384.396662712
trajectory,,localized,,,-1.683288049,2.868907291,1764590384.700527430
trajectory,,localized,,,-1.914647436,3.012269471,1764590385.004624605
trajectory,,localized,,,-2.241066779,3.206151830,1764590385.313515186
trajectory,,localized,,,-2.570135907,3.370051753,1764590385.617231607
trajectory,,localized,,,-2.858458510,3.498798652,1764590385.921051741
trajectory,,localized,,,-3.174291246,3.636704931,1764590386.230456591
trajectory,,localized,,,-3.583818312,3.780123250,1764590386.534064531
trajectory,,localized,,,-3.997672228,3.887903416,1764590386.837607622
trajectory,,localized,,,-4.363964625,3.976260369,1764590387.147121429
trajectory,,localized,,,-4.765253524,4.118154307,1764590387.452643156
trajectory,,localized,,,-5.257234547,4.238465363,1764590387.754573822
trajectory,,localized,,,-5.702116209,4.260884197,1764590388.064617872
trajectory,,localized,,,-6.076107385,4.335217895,1764590388.371621847
trajectory,,localized,,,-6.511140967,4.465555803,1764590388.675461769
trajectory,,localized,,,-6.984471729,4.546974091,1764590388.979286671
trajectory,,localized,,,-7.395278522,4.623034167,1764590389.289077520
trajectory,,localized,,,-7.835638110,4.707871435,1764590389.592927456
trajectory,,localized,,,-8.365270070,4.749492566,1764590389.896767378
trajectory,,localized,,,-8.855219132,4.727962918,1764590390.206537247
trajectory,,localized,,,-9.304071951,4.737161042,1764590390.510391951
trajectory,,localized,,,-9.791490887,4.782926784,1764590390.814232111
trajectory,,localized,,,-10.288980415,4.781792814,1764590391.123539925
trajectory,,localized,,,-10.731973937,4.788355067,1764590391.427375078
trajectory,,localized,,,-11.164343213,4.813040626,1764590391.731215000
trajectory,,localized,,,-11.686765290,4.791646241,1764590392.035054922
trajectory,,localized,,,-12.146988489,4.832596387,1764590392.344356775
trajectory,,localized,,,-12.565420450,4.870259966,1764590392.648196697
trajectory,,localized,,,-13.051747226,4.900520203,1764590392.952036858
trajectory,,localized,,,-13.540566146,4.888867103,1764590393.261317492
trajectory,,localized,,,-13.954147501,4.887332842,1764590393.564642906
trajectory,,localized,,,-14.412548509,4.893155138,1764590393.868344545
trajectory,,localized,,,-14.922468737,4.862956114,1764590394.178481579
trajectory,,localized,,,-15.351456343,4.815363039,1764590394.482187986
trajectory,,localized,,,-15.784008258,4.821747593,1764590394.785914183
trajectory,,localized,,,-16.286141490,4.818493071,1764590395.095956802
trajectory,,localized,,,-16.753275469,4.782693921,1764590395.400009632
trajectory,,localized,,,-17.177576721,4.784570707,1764590395.703844786
trajectory,,localized,,,-17.635270978,4.759135707,1764590396.007689714
trajectory,,localized,,,-18.109318544,4.731119339,1764590396.317443371
trajectory,,localized,,,-18.507127113,4.694851921,1764590396.621283531
trajectory,,localized,,,-18.906312630,4.697739995,1764590396.925118685
trajectory,,localized,,,-19.366855545,4.662313070,1764590397.234843969
trajectory,,localized,,,-19.762859909,4.550045119,1764590397.538693666
trajectory,,localized,,,-20.118335584,4.470255090,1764590397.842533827
trajectory,,localized,,,-20.515141510,4.403432558,1764590398.152241707
trajectory,,localized,,,-20.969790337,4.334143288,1764590398.456091642
trajectory,,localized,,,-21.389087051,4.271840962,1764590398.759931564
trajectory,,localized,,,-21.777852558,4.230219331,1764590399.069684029
trajectory,,localized,,,-22.218531410,4.184500582,1764590399.373533249
trajectory,,localized,,,-22.595770186,4.082232711,1764590399.677373409
trajectory,,localized,,,-22.889630225,3.916833163,1764590399.981213331
trajectory,,localized,,,-23.180720709,3.743220474,1764590400.290733337
trajectory,,localized,,,-23.526573647,3.552821876,1764590400.594395161
trajectory,,localized,,,-23.858720264,3.314004375,1764590400.898017168
trajectory,,localized,,,-24.092126611,3.089044105,1764590401.207260847
trajectory,,localized,,,-24.320328524,2.837231820,1764590401.510774374
trajectory,,localized,,,-24.607050328,2.583269857,1764590401.814930916
trajectory,,localized,,,-24.760857420,2.344827004,1764590402.124841213
trajectory,,localized,,,-24.759893821,2.196439218,1764590402.428329706
trajectory,,localized,,,-24.723902409,2.070814230,1764590402.732431650
trajectory,,localized,,,-24.562887589,2.124729576,1764590403.036346197
trajectory,,localized,,,-24.421715680,2.173222931,1764590403.345676899
trajectory,,localized,,,-24.374559149,2.186098260,1764590403.649264574
trajectory,,localized,,,-24.371461812,2.193966371,1764590403.953361511
trajectory,,localized,,,-24.375808284,2.183155373,1764590404.262198210
trajectory,,localized,,,-24.366362812,2.184735394,1764590404.565895081
trajectory,,localized,,,-24.355713200,2.185550702,1764590404.869640589
trajectory,,localized,,,-24.359022376,2.193144204,1764590405.180274725
trajectory,,localized,,,-24.350312952,2.193755490,1764590405.484129906
trajectory,,localized,,,-24.351791147,2.198649594,1764590405.787969589
trajectory,,localized,,,-24.358398954,2.197933087,1764590406.097797871
trajectory,,localized,,,-24.348908973,2.191506156,1764590406.401638508
trajectory,,localized,,,-24.350483738,2.195841461,1764590406.705478668
trajectory,,localized,,,-24.347669226,2.194435370,1764590407.009318590
trajectory,,localized,,,-24.351882506,2.198472846,1764590407.319578886
trajectory,,localized,,,-24.351146500,2.196459357,1764590407.623419046
trajectory,,localized,,,-24.351074508,2.196795882,1764590407.927268982
trajectory,,localized,,,-24.353436711,2.194044366,1764590408.236601591
trajectory,,localized,,,-24.352596075,2.193417986,1764590408.540302992
trajectory,,localized,,,-24.350983788,2.192865952,1764590408.844034195
trajectory,,localized,,,-24.353354446,2.196412456,1764590409.147319555
trajectory,,localized,,,-24.352735455,2.194500059,1764590409.451041222
trajectory,,localized,,,-24.354083262,2.194746751,1764590409.755306721
trajectory,,localized,,,-24.354105774,2.196316747,1764590410.064758062
trajectory,,localized,,,-24.352564062,2.195569073,1764590410.362209558
trajectory,,localized,,,-24.348644213,2.195467763,1764590410.665930986
trajectory,,localized,,,-24.358553861,2.194578739,1764590410.965199947
trajectory,,localized,,,-24.357229139,2.199395428,1764590411.268052578
trajectory,,localized,,,-24.358982280,2.192333820,1764590411.572322845
trajectory,,localized,,,-24.348406779,2.194916154,1764590411.875475168
trajectory,,localized,,,-24.352228930,2.194513037,1764590412.179213762
trajectory,,localized,,,-24.360191770,2.195469677,1764590412.482935190
trajectory,,localized,,,-24.357099182,2.196480836,1764590412.786676168
trajectory,,localized,,,-24.358963666,2.193434913,1764590413.096581697
trajectory,,localized,,,-24.357216722,2.192625626,1764590413.431611538
trajectory,,localized,,,-24.358703918,2.193814402,1764590413.735372305
trajectory,,localized,,,-24.354619493,2.198198537,1764590414.039093733
trajectory,,localized,,,-24.356222667,2.199873365,1764590414.349605799
trajectory,,localized,,,-24.360126965,2.196191091,1764590414.653445721
trajectory,,localized,,,-24.355868262,2.190255554,1764590414.957285881
trajectory,,localized,,,-24.353597315,2.196071049,1764590415.267069578
trajectory,,localized,,,-24.354688396,2.193725104,1764590415.570909739
trajectory,,localized,,,-24.359670669,2.194252040,1764590415.874749899
trajectory,,localized,,,-24.356198553,2.191048261,1764590416.184514046
trajectory,,localized,,,-24.359352522,2.194418229,1764590416.488354206
trajectory,,localized,,,-24.352927708,2.192720187,1764590416.792075634
trajectory,,localized,,,-24.352646994,2.196954681,1764590417.101975203
trajectory,,localized,,,-24.355164646,2.193299786,1764590417.405381203
trajectory,,localized,,,-24.356297492,2.190022485,1764590417.709023237
trajectory,,localized,,,-24.361947333,2.194777017,1764590418.013140202
trajectory,,localized,,,-24.356979519,2.197096815,1764590418.323255301
trajectory,,localized,,,-24.356317000,2.194568580,1764590418.627095222
trajectory,,localized,,,-24.356697963,2.194605516,1764590418.930935144
trajectory,,localized,,,-24.355816148,2.192450534,1764590419.240278244
trajectory,,localized,,,-24.356697974,2.197616308,1764590419.544533968
trajectory,,localized,,,-24.392172539,2.235924093,1764590419.847587347
trajectory,,localized,,,-24.436162642,2.242245133,1764590420.158110142
trajectory,,localized,,,-24.464736220,2.151378016,1764590420.461974859
trajectory,,localized,,,-24.442656727,2.022608072,1764590420.765815020
trajectory,,localized,,,-24.408553236,1.876185629,1764590421.075112820
trajectory,,localized,,,-24.307810015,1.613547760,1764590421.373599529
trajectory,,localized,,,-24.135764243,1.335116370,1764590421.677261353
trajectory,,localized,,,-23.925139598,1.070391552,1764590421.981932402
trajectory,,localized,,,-23.640887628,0.716611127,1764590422.290245771
trajectory,,localized,,,-23.296176120,0.341337067,1764590422.599468231
trajectory,,localized,,,-23.042300805,0.070394409,1764590422.891890526
trajectory,,localized,,,-22.732551154,-0.231754705,1764590423.212677479
trajectory,,localized,,,-22.331728048,-0.550333208,1764590423.516275167
trajectory,,localized,,,-21.969857941,-0.757037558,1764590423.797655821
trajectory,,localized,,,-21.614982478,-0.979638246,1764590424.129864693
trajectory,,localized,,,-21.286365302,-1.244059765,1764590424.433211327
trajectory,,localized,,,-20.905054284,-1.536157224,1764590424.737560987
trajectory,,localized,,,-20.622976919,-1.768389237,1764590425.041410446
trajectory,,localized,,,-20.384780410,-2.037361193,1764590425.350996017
trajectory,,localized,,,-20.050866465,-2.378260143,1764590425.654588699
trajectory,,localized,,,-19.713343766,-2.646542276,1764590425.958280563
trajectory,,localized,,,-19.423848304,-2.887542542,1764590426.268956661
trajectory,,localized,,,-19.118168084,-3.173373474,1764590426.572717667
trajectory,,localized,,,-18.741486930,-3.471707021,1764590426.876636744
trajectory,,localized,,,-18.450639523,-3.711430946,1764590427.185789585
trajectory,,localized,,,-18.176373075,-3.992576931,1764590427.489135027
trajectory,,localized,,,-17.860731558,-4.322630698,1764590427.794716358
trajectory,,localized,,,-17.564667329,-4.613872565,1764590428.104959011
trajectory,,localized,,,-17.306630155,-4.868647657,1764590428.408797503
trajectory,,localized,,,-17.013145733,-5.157932833,1764590428.712637663
trajectory,,localized,,,-16.670753097,-5.441233152,1764590429.016477585
trajectory,,localized,,,-16.346029003,-5.652605994,1764590429.326727390
trajectory,,localized,,,-16.067560268,-5.894396137,1764590429.630567312
trajectory,,localized,,,-15.778075804,-6.168857467,1764590429.934402466
trajectory,,localized,,,-15.456955540,-6.419496440,1764590430.244246721
trajectory,,localized,,,-15.170975836,-6.646024547,1764590430.548042297
trajectory,,localized,,,-14.916387804,-6.887933363,1764590430.851823092
trajectory,,localized,,,-14.607566735,-7.191062063,1764590431.160366774
trajectory,,localized,,,-14.313413016,-7.406749958,1764590431.464553118
trajectory,,localized,,,-14.046828885,-7.635100259,1764590431.768274546
trajectory,,localized,,,-13.727700668,-7.905118092,1764590432.077603102
trajectory,,localized,,,-13.387043342,-8.168576614,1764590432.380001783
trajectory,,localized,,,-13.101923133,-8.400876486,1764590432.683787346
trajectory,,localized,,,-12.791732292,-8.680039396,1764590432.988443613
trajectory,,localized,,,-12.439789649,-8.982250598,1764590433.296935320
trajectory,,localized,,,-12.118168921,-9.213579512,1764590433.600844622
trajectory,,localized,,,-11.841602407,-9.447101057,1764590433.904645205
trajectory,,localized,,,-11.553909138,-9.700474741,1764590434.213944435
trajectory,,localized,,,-11.239877991,-9.937659524,1764590434.517616272
trajectory,,localized,,,-10.962672396,-10.159390619,1764590434.821485996
trajectory,,localized,,,-10.713003466,-10.412061952,1764590435.131629467
trajectory,,localized,,,-10.410687928,-10.692088459,1764590435.434714794
trajectory,,localized,,,-10.135374585,-10.964356623,1764590435.741864204
trajectory,,localized,,,-9.900855854,-11.257643766,1764590436.045842886
trajectory,,localized,,,-9.673818165,-11.595970892,1764590436.356467247
trajectory,,localized,,,-9.437774096,-11.926511988,1764590436.660307407
trajectory,,localized,,,-9.242346975,-12.245162714,1764590436.964147568
trajectory,,localized,,,-9.055123979,-12.566324708,1764590437.273888350
trajectory,,localized,,,-8.826952809,-12.939887763,1764590437.577728510
trajectory,,localized,,,-8.675664982,-13.287398395,1764590437.881568432
trajectory,,localized,,,-8.553095833,-13.629566847,1764590438.191323996
trajectory,,localized,,,-8.488562578,-14.049930148,1764590438.495099545
trajectory,,localized,,,-8.437443645,-14.434661759,1764590438.798721790
trajectory,,localized,,,-8.401371607,-14.773804357,1764590439.108630896
trajectory,,localized,,,-8.399688182,-15.130099818,1764590439.412660122
trajectory,,localized,,,-8.397578283,-15.525879409,1764590439.715174437
trajectory,,localized,,,-8.347950088,-15.866476610,1764590440.020340204
trajectory,,localized,,,-8.298002974,-16.215398249,1764590440.330610514
trajectory,,localized,,,-8.184093767,-16.587323358,1764590440.634450674
trajectory,,localized,,,-7.978476985,-16.938162904,1764590440.938290596
trajectory,,localized,,,-7.759372608,-17.193462788,1764590441.248576880
trajectory,,localized,,,-7.553088813,-17.449034558,1764590441.552416801
trajectory,,localized,,,-7.413657618,-17.591837075,1764590441.856256962
trajectory,,localized,,,-7.335491560,-17.619188830,1764590442.166037560
trajectory,,localized,,,-7.272362038,-17.550935895,1764590442.469773769
trajectory,,localized,,,-7.210660010,-17.410455638,1764590442.773435593
trajectory,,localized,,,-7.146014061,-17.331955355,1764590443.083431005
trajectory,,localized,,,-7.095760849,-17.288715691,1764590443.386930227
trajectory,,localized,,,-7.069406350,-17.292303213,1764590443.690671206
trajectory,,localized,,,-7.065719877,-17.288346464,1764590443.994966269
trajectory,,localized,,,-7.072364815,-17.284782132,1764590444.303074360
trajectory,,localized,,,-7.059527277,-17.290873076,1764590444.606810570
trajectory,,localized,,,-7.050396087,-17.294631495,1764590444.910526752
trajectory,,localized,,,-7.054209653,-17.289506544,1764590445.219938278
trajectory,,localized,,,-7.053828990,-17.286196872,1764590445.523709297
trajectory,,localized,,,-7.054665851,-17.290506537,1764590445.827450514
trajectory,,localized,,,-7.052426780,-17.292732545,1764590446.137550831
trajectory,,localized,,,-7.053304953,-17.292903359,1764590446.440671921
trajectory,,localized,,,-7.048952933,-17.292297177,1764590446.744432926
trajectory,,localized,,,-7.050599300,-17.292759383,1764590447.048649073
trajectory,,localized,,,-7.053349628,-17.294120550,1764590447.360481501
trajectory,,localized,,,-7.049940719,-17.294890863,1764590447.664207697
trajectory,,localized,,,-7.052738940,-17.294721232,1764590447.968359232
trajectory,,localized,,,-7.053635944,-17.289375980,1764590448.278261662
trajectory,,localized,,,-7.053515755,-17.286608209,1764590448.582106590
trajectory,,localized,,,-7.052216601,-17.289264579,1764590448.885946512
trajectory,,localized,,,-7.053436565,-17.294380682,1764590449.195764542
trajectory,,localized,,,-7.050629039,-17.292940216,1764590449.499614477
trajectory,,localized,,,-7.055014006,-17.289690605,1764590449.803454399
trajectory,,localized,,,-7.053492839,-17.287930810,1764590450.113710165
trajectory,,localized,,,-7.052336428,-17.288862469,1764590450.417557716
trajectory,,localized,,,-7.050581682,-17.291212512,1764590450.721259117
trajectory,,localized,,,-7.052920815,-17.289217382,1764590451.025039911
trajectory,,localized,,,-7.050542232,-17.289570506,1764590451.335471392
trajectory,,localized,,,-7.048924152,-17.289185459,1764590451.639306307
trajectory,,localized,,,-7.057694608,-17.291187891,1764590451.943156004
trajectory,,localized,,,-7.060103164,-17.302146705,1764590452.253394365
trajectory,,localized,,,-7.049968890,-17.304650031,1764590452.557234287
trajectory,,localized,,,-7.045379045,-17.297897359,1764590452.861074209
trajectory,,localized,,,-7.051254382,-17.298837428,1764590453.170838594
trajectory,,localized,,,-7.050954544,-17.293713681,1764590453.474693298
trajectory,,localized,,,-7.048580649,-17.295442745,1764590453.778533220
trajectory,,localized,,,-7.046333978,-17.298425989,1764590454.088276625
trajectory,,localized,,,-7.049480702,-17.295833870,1764590454.392114401
trajectory,,localized,,,-7.050471813,-17.292082519,1764590454.695855618
trajectory,,localized,,,-7.054180577,-17.291087727,1764590454.999725103
trajectory,,localized,,,-7.051033329,-17.288354590,1764590455.309557915
trajectory,,localized,,,-7.053059281,-17.289617511,1764590455.613279343
trajectory,,localized,,,-7.046944877,-17.289641699,1764590455.917020321
trajectory,,localized,,,-7.047265081,-17.291711040,1764590456.226186752
trajectory,,localized,,,-7.052487790,-17.295485335,1764590456.529818773
trajectory,,localized,,,-7.049550276,-17.302345340,1764590456.832629919
trajectory,,localized,,,-7.055329228,-17.307453646,1764590457.143006563
trajectory,,localized,,,-7.059632077,-17.299683050,1764590457.445804358
trajectory,,localized,,,-7.058539570,-17.284895402,1764590457.749149799
trajectory,,localized,,,-7.046162674,-17.291145454,1764590458.059144497
trajectory,,localized,,,-7.046366689,-17.291582818,1764590458.366399765
trajectory,,localized,,,-7.051039308,-17.291536481,1764590458.670125961
trajectory,,localized,,,-7.052358164,-17.288316866,1764590458.974000454
trajectory,,localized,,,-7.051927696,-17.292131431,1764590459.284673929
trajectory,,localized,,,-7.051000006,-17.289403558,1764590459.588514090
trajectory,,localized,,,-7.052880969,-17.291725662,1764590459.892354250
trajectory,,localized,,,-7.053050789,-17.289108678,1764590460.202483177
trajectory,,localized,,,-7.053670891,-17.291217917,1764590460.506456614
trajectory,,localized,,,-7.055101249,-17.288850305,1764590460.810292006
trajectory,,localized,,,-7.050386306,-17.290168705,1764590461.120537281
trajectory,,localized,,,-7.058950538,-17.312736455,1764590461.423889160
trajectory,,localized,,,-7.090098564,-17.352741066,1764590461.727689505
trajectory,,localized,,,-7.142840354,-17.352696818,1764590462.031549215
trajectory,,localized,,,-7.180096813,-17.306937251,1764590462.342316866
trajectory,,localized,,,-7.177524919,-17.292369070,1764590462.646157026
trajectory,,localized,,,-7.015667248,-17.260988934,1764590462.949853659
trajectory,,localized,,,-6.751860130,-17.172739574,1764590463.260214567
trajectory,,localized,,,-6.503265863,-17.033248278,1764590463.564054728
trajectory,,localized,,,-6.215872805,-16.903209331,1764590463.867894411
trajectory,,localized,,,-5.923028647,-16.789576254,1764590464.177660227
trajectory,,localized,,,-5.526884931,-16.639469091,1764590464.481436014
trajectory,,localized,,,-5.196083207,-16.454849903,1764590464.785197020
trajectory,,localized,,,-4.931344349,-16.317928611,1764590465.095104218
trajectory,,localized,,,-4.595958148,-16.220301508,1764590465.398956537
trajectory,,localized,,,-4.176569749,-16.089743128,1764590465.702796459
trajectory,,localized,,,-3.849459399,-15.897377740,1764590466.006255627
trajectory,,localized,,,-3.489709167,-15.783662073,1764590466.315133095
trajectory,,localized,,,-3.072190720,-15.567981246,1764590466.618730545
trajectory,,localized,,,-2.696277002,-15.271051064,1764590466.922268629
trajectory,,localized,,,-2.402736499,-15.028186868,1764590467.231498480
trajectory,,localized,,,-2.089941403,-14.811485855,1764590467.535274029
trajectory,,localized,,,-1.722822313,-14.560559798,1764590467.838456154
trajectory,,localized,,,-1.449236524,-14.271426486,1764590468.148784399
trajectory,,localized,,,-1.194156675,-14.006434276,1764590468.455623150
trajectory,,localized,,,-0.893853340,-13.771845722,1764590468.759462833
trajectory,,localized,,,-0.561117444,-13.492391721,1764590469.069696426
trajectory,,localized,,,-0.285228648,-13.237452300,1764590469.373543739
trajectory,,localized,,,0.028193820,-13.041578066,1764590469.677383900
trajectory,,localized,,,0.388895326,-12.824231484,1764590469.981223822
trajectory,,localized,,,0.735644351,-12.579813914,1764590470.291307211
trajectory,,localized,,,1.040535873,-12.373791213,1764590470.595226288
trajectory,,localized,,,1.370098295,-12.191744585,1764590470.898987293
trajectory,,localized,,,1.786582745,-11.971831102,1764590471.209342241
trajectory,,localized,,,2.138703290,-11.757565663,1764590471.512336493
trajectory,,localized,,,2.458038583,-11.554444322,1764590471.816077471
trajectory,,localized,,,2.833180293,-11.379639017,1764590472.127113104
trajectory,,localized,,,3.236812428,-11.158523780,1764590472.431163311
trajectory,,localized,,,3.572177542,-10.966641679,1764590472.735008240
trajectory,,localized,,,3.893918014,-10.825884174,1764590473.038833380
trajectory,,localized,,,4.285687758,-10.711001081,1764590473.349090815
trajectory,,localized,,,4.626708955,-10.508174855,1764590473.652930737
trajectory,,localized,,,4.917804407,-10.290650214,1764590473.956770658
trajectory,,localized,,,5.243338019,-10.084112494,1764590474.267012596
trajectory,,localized,,,5.612062895,-9.814790437,1764590474.570852518
trajectory,,localized,,,5.895823777,-9.525270637,1764590474.874692440
trajectory,,localized,,,6.175380968,-9.299517209,1764590475.184756041
trajectory,,localized,,,6.550179414,-9.067287210,1764590475.488576412
trajectory,,localized,,,6.921249873,-8.786432534,1764590475.792297840
trajectory,,localized,,,7.248511218,-8.503217137,1764590476.102102280
trajectory,,localized,,,7.592640859,-8.257804105,1764590476.406235456
trajectory,,localized,,,7.993888513,-7.982115137,1764590476.710075617
trajectory,,localized,,,8.303205656,-7.706220056,1764590477.013322353
trajectory,,localized,,,8.606072877,-7.529298289,1764590477.323697329
trajectory,,localized,,,8.994857062,-7.343209577,1764590477.627537251
trajectory,,localized,,,9.372815678,-7.110102859,1764590477.931377411
trajectory,,localized,,,9.693133353,-6.888155613,1764590478.241128922
trajectory,,localized,,,10.058109927,-6.689347083,1764590478.544978857
trajectory,,localized,,,10.449040114,-6.466882499,1764590478.848818779
trajectory,,localized,,,10.744647249,-6.269147426,1764590479.159054756
trajectory,,localized,,,11.065982802,-6.087852348,1764590479.462899685
trajectory,,localized,,,11.470873778,-5.906691646,1764590479.766739607
trajectory,,localized,,,11.885704354,-5.716506884,1764590480.076979876
trajectory,,localized,,,12.238746217,-5.568043344,1764590480.380820990
trajectory,,localized,,,12.644360065,-5.457404288,1764590480.684660912
trajectory,,localized,,,13.111358716,-5.333034043,1764590480.988500834
trajectory,,localized,,,13.504069064,-5.187378292,1764590481.298108816
trajectory,,localized,,,13.874434208,-5.080954899,1764590481.601850271
trajectory,,localized,,,14.303356064,-4.961470752,1764590481.905650616
trajectory,,localized,,,14.713651740,-4.820490967,1764590482.215061188
trajectory,,localized,,,15.080030820,-4.715096663,1764590482.520503759
trajectory,,localized,,,15.482652475,-4.665194788,1764590482.824343920
trajectory,,localized,,,15.955246014,-4.616090248,1764590483.134594679
trajectory,,localized,,,16.336138526,-4.562351651,1764590483.438445568
trajectory,,localized,,,16.709607128,-4.534574834,1764590483.742285490
trajectory,,localized,,,17.121323130,-4.558508579,1764590484.046120644
trajectory,,localized,,,17.558281969,-4.583299739,1764590484.356367111
trajectory,,localized,,,17.921063919,-4.610559793,1764590484.660207033
trajectory,,localized,,,18.264796067,-4.707621033,1764590484.964046955
trajectory,,localized,,,18.643081335,-4.885566757,1764590485.274111271
trajectory,,localized,,,18.977601619,-5.070582990,1764590485.578129053
trajectory,,localized,,,19.263759637,-5.281840481,1764590485.881968975
trajectory,,localized,,,19.567021076,-5.558815147,1764590486.191751242
trajectory,,localized,,,19.879454496,-5.855557177,1764590486.495591164
trajectory,,localized,,,20.149336077,-6.119370791,1764590486.799431086
trajectory,,localized,,,20.387289620,-6.414060281,1764590487.108965635
trajectory,,localized,,,20.676151262,-6.796945145,1764590487.413052559
trajectory,,localized,,,20.990174528,-7.118328901,1764590487.716892719
trajectory,,localized,,,21.221750187,-7.427018737,1764590488.020732880
trajectory,,localized,,,21.479614339,-7.795120672,1764590488.330494642
trajectory,,localized,,,21.783792204,-8.175503568,1764590488.634334564
trajectory,,localized,,,22.077956858,-8.478984766,1764590488.938174725
trajectory,,localized,,,22.344186815,-8.810261383,1764590489.247936487
trajectory,,localized,,,22.678905561,-9.187982893,1764590489.551776409
trajectory,,localized,,,22.990342999,-9.495169276,1764590489.855616331
trajectory,,localized,,,23.262428324,-9.792205207,1764590490.165862799
trajectory,,localized,,,23.581135359,-10.152575261,1764590490.469717979
trajectory,,localized,,,23.897231798,-10.478861841,1764590490.773557901
trajectory,,localized,,,24.214275039,-10.774437174,1764590491.083782911
trajectory,,localized,,,24.490752847,-11.080877199,1764590491.386847258
trajectory,,localized,,,24.776250531,-11.434795875,1764590491.690588474
trajectory,,localized,,,25.064076869,-11.737339462,1764590491.994586706
trajectory,,localized,,,25.318241717,-12.027604212,1764590492.303856373
trajectory,,localized,,,25.636877413,-12.355254238,1764590492.607597351
trajectory,,localized,,,25.981787517,-12.648275319,1764590492.911377907
trajectory,,localized,,,26.260843915,-12.910192512,1764590493.223461151
trajectory,,localized,,,26.530652198,-13.214976168,1764590493.527316332
trajectory,,localized,,,26.873582989,-13.532594016,1764590493.831156492
trajectory,,localized,,,27.168395326,-13.830988504,1764590494.141378164
trajectory,,localized,,,27.458239302,-14.081872170,1764590494.445215940
trajectory,,localized,,,27.813746554,-14.396303141,1764590494.749055862
trajectory,,localized,,,28.159373523,-14.680535945,1764590495.052895784
trajectory,,localized,,,28.462868011,-14.934656218,1764590495.363067150
trajectory,,localized,,,28.787600134,-15.229706809,1764590495.666907072
trajectory,,localized,,,29.139453646,-15.537383614,1764590495.970746994
trajectory,,localized,,,29.479556143,-15.807983076,1764590496.280701876
trajectory,,localized,,,29.778866090,-16.073296814,1764590496.584403515
trajectory,,localized,,,30.123667903,-16.396377972,1764590496.888619184
trajectory,,localized,,,30.517440612,-16.654577662,1764590497.198814869
trajectory,,localized,,,30.886661566,-16.888014222,1764590497.502659559
trajectory,,localized,,,31.243573590,-17.174913144,1764590497.806499481
trajectory,,localized,,,31.647574873,-17.420292314,1764590498.116750479
trajectory,,localized,,,32.020426259,-17.604204821,1764590498.420586348
trajectory,,localized,,,32.403828026,-17.788506895,1764590498.724426508
trajectory,,localized,,,32.849796892,-17.935803329,1764590499.028266430
trajectory,,localized,,,33.318160663,-18.012562416,1764590499.338094473
trajectory,,localized,,,33.780127286,-18.046698283,1764590499.641934633
trajectory,,localized,,,34.260691460,-18.027880766,1764590499.945774794
trajectory,,localized,,,34.756809491,-17.923388921,1764590500.255540848
trajectory,,localized,,,35.169191737,-17.747343677,1764590500.559340954
trajectory,,localized,,,35.561023945,-17.562440994,1764590500.863042593
trajectory,,localized,,,35.969982927,-17.345279485,1764590501.172193050
trajectory,,localized,,,36.334537520,-17.094894195,1764590501.475919247
trajectory,,localized,,,36.670032499,-16.886495015,1764590501.779640675
trajectory,,localized,,,37.027413373,-16.685162417,1764590502.090006351
trajectory,,localized,,,37.416896908,-16.438591261,1764590502.395266771
trajectory,,localized,,,37.732824912,-16.210206145,1764590502.699106932
trajectory,,localized,,,38.062716422,-16.035613795,1764590503.002946615
trajectory,,localized,,,38.456752165,-15.789915989,1764590503.313208818
trajectory,,localized,,,38.817878315,-15.509594445,1764590503.617048740
trajectory,,localized,,,39.123605776,-15.249085770,1764590503.920888662
trajectory,,localized,,,39.457316027,-15.030846055,1764590504.231120586
trajectory,,localized,,,39.829974708,-14.734211287,1764590504.534970522
trajectory,,localized,,,40.092208914,-14.453514303,1764590504.838810444
trajectory,,localized,,,40.384756959,-14.202446897,1764590505.149056196
trajectory,,localized,,,40.713315755,-13.914316594,1764590505.452892303
trajectory,,localized,,,41.012548006,-13.596454923,1764590505.756712675
trajectory,,localized,,,41.259799355,-13.291412944,1764590506.060553074
trajectory,,localized,,,41.522359270,-13.025147344,1764590506.370834827
trajectory,,localized,,,41.848281756,-12.706963691,1764590506.674674749
trajectory,,localized,,,42.111614111,-12.396516576,1764590506.978514910
trajectory,,localized,,,42.390873601,-12.106605182,1764590507.288757801
trajectory,,localized,,,42.716499006,-11.798557486,1764590507.592597961
trajectory,,localized,,,43.048900204,-11.472913429,1764590507.896437645
trajectory,,localized,,,43.320850345,-11.172300070,1764590508.206685543
trajectory,,localized,,,43.637959333,-10.899865797,1764590508.510535479
trajectory,,localized,,,43.975050709,-10.582069438,1764590508.814380169
trajectory,,localized,,,44.223123204,-10.254997412,1764590509.124618053
trajectory,,localized,,,44.466040265,-9.943925126,1764590509.428384066
trajectory,,localized,,,44.759981634,-9.647596997,1764590509.732303143
trajectory,,localized,,,45.043813137,-9.313787923,1764590510.036143303
trajectory,,localized,,,45.290275205,-9.033443867,1764590510.345490217
trajectory,,localized,,,45.581896105,-8.765297877,1764590510.649171829
trajectory,,localized,,,45.903080636,-8.441385369,1764590510.953605175
trajectory,,localized,,,46.139904130,-8.103284083,1764590511.263385534
trajectory,,localized,,,46.400501708,-7.798889434,1764590511.567225456
trajectory,,localized,,,46.685248376,-7.510198774,1764590511.871065378
trajectory,,localized,,,46.942232460,-7.145747378,1764590512.180810928
trajectory,,localized,,,47.169861780,-6.762841284,1764590512.484665871
trajectory,,localized,,,47.419895484,-6.420558276,1764590512.788505793
trajectory,,localized,,,47.689814641,-6.020392514,1764590513.098253965
trajectory,,localized,,,47.893408021,-5.650895273,1764590513.402106524
trajectory,,localized,,,48.109448452,-5.340646152,1764590513.705946445
trajectory,,localized,,,48.349348258,-5.028248386,1764590514.009781837
trajectory,,localized,,,48.567710969,-4.659642336,1764590514.320026875
trajectory,,localized,,,48.731451757,-4.325023115,1764590514.623866796
trajectory,,localized,,,48.904187053,-4.044977983,1764590514.927706718
trajectory,,localized,,,49.175636862,-3.715812074,1764590515.237931728
trajectory,,localized,,,49.396454769,-3.389228643,1764590515.541786671
trajectory,,localized,,,49.646649036,-3.132247968,1764590515.845626831
trajectory,,localized,,,49.951160203,-2.869730297,1764590516.155856371
trajectory,,localized,,,50.281826609,-2.578954764,1764590516.458837271
trajectory,,localized,,,50.534410296,-2.324662656,1764590516.762618065
trajectory,,localized,,,50.822862906,-2.081532745,1764590517.073089123
trajectory,,localized,,,51.169794389,-1.813488840,1764590517.377629042
trajectory,,localized,,,51.468130681,-1.544595351,1764590517.681468964
trajectory,,localized,,,51.747189259,-1.299771921,1764590517.985309124
trajectory,,localized,,,52.073187979,-1.129416099,1764590518.295551062
trajectory,,localized,,,52.444520482,-0.956547373,1764590518.599391222
trajectory,,localized,,,52.731214950,-0.800430847,1764590518.903231144
trajectory,,localized,,,53.014202772,-0.672908364,1764590519.213473082
trajectory,,localized,,,53.379337130,-0.610373996,1764590519.517273903
trajectory,,localized,,,53.712277385,-0.531774026,1764590519.821138382
trajectory,,localized,,,54.031587313,-0.455926287,1764590520.130944490
trajectory,,localized,,,54.351998125,-0.416766708,1764590520.434794903
trajectory,,localized,,,54.720907516,-0.461827930,1764590520.738590479
trajectory,,localized,,,55.038815679,-0.453046362,1764590521.042474985
trajectory,,localized,,,55.319320890,-0.460557742,1764590521.352236986
trajectory,,localized,,,55.588058681,-0.536156309,1764590521.656076908
trajectory,,localized,,,55.787024404,-0.622640921,1764590521.959887505
trajectory,,localized,,,55.970693929,-0.668729992,1764590522.269663811
trajectory,,localized,,,56.066630397,-0.679506929,1764590522.573513746
trajectory,,localized,,,56.118326375,-0.716553796,1764590522.877358437
trajectory,,localized,,,56.142367334,-0.760974994,1764590523.187125206
trajectory,,localized,,,56.144156441,-0.758953332,1764590523.490980148
trajectory,,localized,,,56.139884998,-0.765509373,1764590523.794820309
trajectory,,localized,,,56.145389034,-0.766416874,1764590524.104572058
trajectory,,localized,,,56.145982885,-0.762538228,1764590524.408421516
trajectory,,localized,,,56.147405810,-0.761864930,1764590524.712261677
trajectory,,localized,,,56.148232407,-0.761062428,1764590525.016101837
trajectory,,localized,,,56.152929366,-0.760810423,1764590525.326343536
trajectory,,localized,,,56.151544160,-0.760708851,1764590525.630183458
trajectory,,localized,,,56.150871877,-0.762006765,1764590525.934023619
trajectory,,localized,,,56.145679708,-0.762817898,1764590526.243904352
trajectory,,localized,,,56.148192618,-0.761439549,1764590526.547690153
trajectory,,localized,,,56.149303762,-0.759174296,1764590526.851450920
trajectory,,localized,,,56.147333454,-0.760421950,1764590527.160960197
trajectory,,localized,,,56.152046944,-0.760016421,1764590527.464721203
trajectory,,localized,,,56.149452966,-0.757667612,1764590527.768501759
trajectory,,localized,,,56.150310498,-0.760288610,1764590528.079029083
trajectory,,localized,,,56.149211513,-0.763798198,1764590528.383968115
trajectory,,localized,,,56.144794225,-0.767366405,1764590528.687808037
trajectory,,localized,,,56.148684566,-0.761982253,1764590528.991648197
trajectory,,localized,,,56.147817505,-0.763201202,1764590529.301889420
trajectory,,localized,,,56.148141959,-0.765497322,1764590529.605729580
trajectory,,localized,,,56.146710824,-0.762137188,1764590529.909569740
trajectory,,localized,,,56.147884777,-0.762109577,1764590530.219806671
trajectory,,localized,,,56.145614769,-0.764477085,1764590530.523651361
trajectory,,localized,,,56.144863163,-0.763248834,1764590530.827471733
trajectory,,localized,,,56.147066135,-0.762205251,1764590531.137275696
trajectory,,localized,,,56.146301630,-0.762034685,1764590531.440321684
trajectory,,localized,,,56.148058681,-0.764996510,1764590531.744023085
trajectory,,localized,,,56.145998476,-0.764728771,1764590532.048614979
trajectory,,localized,,,56.148663309,-0.763894824,1764590532.358574390
trajectory,,localized,,,56.146721652,-0.763140097,1764590532.662404776
trajectory,,localized,,,56.147757866,-0.762618375,1764590532.965660810
trajectory,,localized,,,56.147576404,-0.763108450,1764590533.276015759
trajectory,,localized,,,56.148035954,-0.761443107,1764590533.579855919
trajectory,,localized,,,56.147626643,-0.764704116,1764590533.883696079
trajectory,,localized,,,56.146477121,-0.763527672,1764590534.193447828
trajectory,,localized,,,56.147937769,-0.764906050,1764590534.497292519
trajectory,,localized,,,56.146542892,-0.764870889,1764590534.801137209
trajectory,,localized,,,56.146161296,-0.762898297,1764590535.110894442
trajectory,,localized,,,56.144564601,-0.764094650,1764590535.414738894
trajectory,,localized,,,56.148458717,-0.762824381,1764590535.718578577
trajectory,,localized,,,56.147364461,-0.763268912,1764590536.022418737
trajectory,,localized,,,56.146905918,-0.765727606,1764590536.332639933
trajectory,,localized,,,56.149722455,-0.762633267,1764590536.636400938
trajectory,,localized,,,56.147125093,-0.765745706,1764590536.940141916
trajectory,,localized,,,56.146840929,-0.762963749,1764590537.249615669
trajectory,,localized,,,56.149575689,-0.764596414,1764590537.553371668
trajectory,,localized,,,56.147367569,-0.764522741,1764590537.857172251
trajectory,,localized,,,56.145426969,-0.763340531,1764590538.166646481
trajectory,,localized,,,56.147646545,-0.763873548,1764590538.470392466
trajectory,,localized,,,56.148410342,-0.761579575,1764590538.774153471
trajectory,,localized,,,56.143875801,-0.760566201,1764590539.084645987
trajectory,,localized,,,56.117742600,-0.652552405,1764590539.390123367
trajectory,,localized,,,56.116354778,-0.388478377,1764590539.694052696
trajectory,,localized,,,56.121965362,0.016087828,1764590539.997808456
trajectory,,localized,,,56.078079406,0.380743193,1764590540.308071375
trajectory,,localized,,,55.965894581,0.665083631,1764590540.611911058
trajectory,,localized,,,55.827079356,0.815157249,1764590540.915751219
trajectory,,localized,,,55.593438411,0.887494736,1764590541.225975990
trajectory,,localized,,,55.259801220,0.918435229,1764590541.529815912
trajectory,,localized,,,54.806239738,0.925830696,1764590541.833656073
trajectory,,localized,,,54.386234425,0.864471136,1764590542.143474579
trajectory,,localized,,,54.002450886,0.767896618,1764590542.446581841
trajectory,,localized,,,53.575755851,0.671424071,1764590542.751168966
trajectory,,localized,,,53.148942478,0.491331296,1764590543.054776430
trajectory,,localized,,,52.826866852,0.266351698,1764590543.364821911
trajectory,,localized,,,52.530859451,0.060674861,1764590543.668661833
trajectory,,localized,,,52.203504898,-0.177233813,1764590543.972501993
trajectory,,localized,,,51.937633676,-0.467334668,1764590544.282310486
trajectory,,localized,,,51.690171913,-0.714497121,1764590544.586150646
trajectory,,localized,,,51.445530486,-0.948767471,1764590544.889990568
trajectory,,localized,,,51.137145810,-1.205249105,1764590545.199775696
trajectory,,localized,,,50.895807936,-1.458700276,1764590545.503615856
trajectory,,localized,,,50.673124334,-1.670999289,1764590545.807455778
trajectory,,localized,,,50.407568163,-1.901721105,1764590546.117713928
trajectory,,localized,,,50.122144441,-2.187788973,1764590546.421557188
trajectory,,localized,,,49.947778154,-2.487684350,1764590546.725397110
trajectory,,localized,,,49.780929505,-2.733316057,1764590547.029237032
trajectory,,localized,,,49.571641346,-2.981296091,1764590547.338567019
trajectory,,localized,,,49.400870672,-3.246943523,1764590547.642288446
trajectory,,localized,,,49.351589918,-3.475580898,1764590547.946029425
trajectory,,localized,,,49.354036073,-3.708395057,1764590548.255448103
trajectory,,localized,,,49.374495235,-3.911558890,1764590548.559199095
trajectory,,localized,,,49.437445899,-4.002424758,1764590548.862960100
trajectory,,localized,,,49.550690963,-4.028800684,1764590549.175307751
trajectory,,localized,,,49.621297605,-4.059877178,1764590549.479157686
trajectory,,localized,,,49.632862163,-4.077855133,1764590549.782992840
trajectory,,localized,,,49.623585198,-4.090039680,1764590550.093234777
trajectory,,localized,,,49.612718196,-4.083121132,1764590550.397079229
trajectory,,localized,,,49.616116088,-4.098523279,1764590550.700919151
trajectory,,localized,,,49.626329224,-4.114926002,1764590551.004759073
trajectory,,localized,,,49.624150185,-4.127601091,1764590551.314011335
trajectory,,localized,,,49.627468654,-4.132244308,1764590551.618825674
trajectory,,localized,,,49.624600994,-4.133826401,1764590551.922675610
trajectory,,localized,,,49.625775488,-4.134957317,1764590552.232521534
trajectory,,localized,,,49.626108585,-4.135592035,1764590552.536252737
trajectory,,localized,,,49.625625910,-4.136743738,1764590552.839914560
trajectory,,localized,,,49.628028184,-4.136386707,1764590553.150348902
trajectory,,localized,,,49.625583003,-4.136799903,1764590553.454862118
trajectory,,localized,,,49.625444509,-4.138000553,1764590553.758563519
trajectory,,localized,,,49.625136032,-4.136778905,1764590554.069159985
trajectory,,localized,,,49.626160289,-4.136836812,1764590554.372076511
trajectory,,localized,,,49.628115027,-4.136917189,1764590554.676351786
trajectory,,localized,,,49.627725346,-4.136189347,1764590554.980528116
trajectory,,localized,,,49.625594745,-4.135690005,1764590555.291041851
trajectory,,localized,,,49.623571756,-4.134273971,1764590555.594881773
trajectory,,localized,,,49.627471127,-4.136909434,1764590555.898726463
trajectory,,localized,,,49.628122630,-4.138242051,1764590556.208967686
trajectory,,localized,,,49.625989044,-4.137486791,1764590556.512807608
trajectory,,localized,,,49.625431365,-4.136087779,1764590556.816647530
trajectory,,localized,,,49.625147371,-4.134635278,1764590557.127376080
trajectory,,localized,,,49.625370981,-4.136371844,1764590557.431209326
trajectory,,localized,,,49.624081811,-4.135097409,1764590557.735049486
trajectory,,localized,,,49.627094243,-4.135790465,1764590558.038889408
trajectory,,localized,,,49.626623649,-4.135598326,1764590558.349630356
trajectory,,localized,,,49.626354011,-4.135775876,1764590558.653470278
trajectory,,localized,,,49.625245504,-4.136818201,1764590558.957310438
trajectory,,localized,,,49.625457325,-4.137210621,1764590559.266864061
trajectory,,localized,,,49.628589480,-4.136282924,1764590559.570624828
trajectory,,localized,,,49.623509682,-4.136772226,1764590559.874366045
trajectory,,localized,,,49.626132212,-4.136285849,1764590560.186427593
trajectory,,localized,,,49.621231216,-4.135754025,1764590560.490272760
trajectory,,localized,,,49.626815375,-4.135882393,1764590560.794112682
trajectory,,localized,,,49.624992386,-4.136267226,1764590561.104834318
trajectory,,localized,,,49.627295416,-4.137760594,1764590561.408664465
trajectory,,localized,,,49.625167546,-4.137712474,1764590561.712474823
trajectory,,localized,,,49.628178082,-4.139928286,1764590562.016255379
trajectory,,localized,,,49.627005168,-4.132779280,1764590562.327070951
trajectory,,localized,,,49.627322808,-4.135404171,1764590562.630910873
trajectory,,localized,,,49.624040783,-4.135743538,1764590562.934736013
trajectory,,localized,,,49.624446535,-4.136302605,1764590563.245022058
trajectory,,localized,,,49.624557811,-4.136257567,1764590563.548877001
trajectory,,localized,,,49.624224495,-4.134381022,1764590563.852716684
trajectory,,localized,,,49.626622756,-4.137242006,1764590564.163405657
trajectory,,localized,,,49.624944448,-4.136473517,1764590564.466268778
trajectory,,localized,,,49.626908123,-4.138030289,1764590564.769965172
trajectory,,localized,,,49.623995663,-4.135516022,1764590565.080591440
trajectory,,localized,,,49.626484925,-4.135563997,1764590565.384323120
trajectory,,localized,,,49.622667476,-4.136696958,1764590565.687994719
trajectory,,localized,,,49.622874861,-4.135955948,1764590565.992255211
trajectory,,localized,,,49.626096077,-4.136830761,1764590566.302747250
trajectory,,localized,,,49.622965622,-4.135628851,1764590566.606414080
trajectory,,localized,,,49.608424135,-4.120062009,1764590566.910115480
trajectory,,localized,,,49.578856203,-4.080139603,1764590567.220952034
trajectory,,localized,,,49.519246843,-4.075344044,1764590567.524791956
trajectory,,localized,,,49.376707441,-4.115610612,1764590567.828631878
trajectory,,localized,,,49.147668018,-4.203497572,1764590568.138816357
trajectory,,localized,,,48.922549422,-4.348943461,1764590568.442662716
trajectory,,localized,,,48.732144388,-4.586269615,1764590568.746502876
trajectory,,localized,,,48.515107901,-4.885729531,1764590569.050342798
trajectory,,localized,,,48.260257088,-5.265504146,1764590569.360962391
trajectory,,localized,,,48.044993573,-5.619718124,1764590569.664802551
trajectory,,localized,,,47.819018861,-5.907015174,1764590569.968642473
trajectory,,localized,,,47.571886988,-6.197824900,1764590570.278434277
trajectory,,localized,,,47.345192419,-6.544068029,1764590570.582175255
trajectory,,localized,,,47.162787635,-6.874535186,1764590570.885936022
trajectory,,localized,,,46.954600461,-7.171716631,1764590571.195458889
trajectory,,localized,,,46.673385801,-7.521866274,1764590571.499204874
trajectory,,localized,,,46.445158288,-7.846031143,1764590571.802965641
trajectory,,localized,,,46.254012172,-8.174251109,1764590572.113675594
trajectory,,localized,,,46.030381558,-8.515727285,1764590572.418733835
trajectory,,localized,,,45.759424560,-8.889152982,1764590572.722573757
trajectory,,localized,,,45.552635712,-9.251307264,1764590573.026413679
trajectory,,localized,,,45.326966614,-9.614243309,1764590573.337224483
trajectory,,localized,,,45.062517640,-9.935578104,1764590573.641069174
trajectory,,localized,,,44.796739816,-10.276477360,1764590573.944909096
trajectory,,localized,,,44.541440793,-10.569878852,1764590574.255600691
trajectory,,localized,,,44.272471797,-10.857700700,1764590574.559316874
trajectory,,localized,,,43.975364935,-11.119598593,1764590574.863058090
trajectory,,localized,,,43.711780659,-11.393963225,1764590575.173604965
trajectory,,localized,,,43.455520868,-11.657149815,1764590575.477454662
trajectory,,localized,,,43.190286763,-11.891606668,1764590575.781280041
trajectory,,localized,,,42.906065285,-12.175400025,1764590576.091516256
trajectory,,localized,,,42.642177216,-12.421047882,1764590576.395365953
trajectory,,localized,,,42.376777647,-12.674178649,1764590576.699206114
trajectory,,localized,,,42.093506858,-12.866294858,1764590577.003046036
trajectory,,localized,,,41.753544992,-13.052557760,1764590577.313228369
trajectory,,localized,,,41.434804542,-13.212062834,1764590577.617068529
trajectory,,localized,,,41.096110063,-13.328041311,1764590577.920908451
trajectory,,localized,,,40.725291487,-13.331814638,1764590578.230619431
trajectory,,localized,,,40.341044100,-13.320626573,1764590578.534360409
trajectory,,localized,,,39.923760943,-13.295730658,1764590578.838002443
trajectory,,localized,,,39.543546534,-13.228794415,1764590579.148607016
trajectory,,localized,,,39.167352583,-13.119392734,1764590579.453219652
trajectory,,localized,,,38.842235496,-13.027941668,1764590579.757059813
trajectory,,localized,,,38.565093492,-12.979838170,1764590580.060899734
trajectory,,localized,,,38.296104767,-12.923395866,1764590580.371124744
trajectory,,localized,,,38.116908574,-12.838376137,1764590580.674964666
trajectory,,localized,,,38.017419294,-12.746950783,1764590580.978804588
trajectory,,localized,,,37.954671172,-12.646801326,1764590581.289099216
trajectory,,localized,,,37.905172574,-12.624957108,1764590581.592939377
trajectory,,localized,,,37.896693802,-12.603582767,1764590581.896779060
trajectory,,localized,,,37.896282726,-12.613017700,1764590582.206830263
trajectory,,localized,,,37.898205336,-12.618966057,1764590582.510586262
trajectory,,localized,,,37.901857137,-12.616792444,1764590582.814367056
trajectory,,localized,,,37.902591170,-12.618607132,1764590583.125092745
trajectory,,localized,,,37.893817570,-12.618332253,1764590583.429885387
trajectory,,localized,,,37.901452187,-12.613317204,1764590583.733725071
trajectory,,localized,,,37.899722602,-12.612375366,1764590584.037565231
trajectory,,localized,,,37.902921197,-12.615582283,1764590584.348291874
trajectory,,localized,,,37.902511166,-12.611902278,1764590584.652132034
trajectory,,localized,,,37.904477454,-12.612106824,1764590584.955971956
trajectory,,localized,,,37.903534650,-12.606210504,1764590585.266468287
trajectory,,localized,,,37.902404477,-12.611089764,1764590585.570075989
trajectory,,localized,,,37.905791813,-12.611163389,1764590585.873817205
trajectory,,localized,,,37.903201324,-12.611580946,1764590586.184443712
trajectory,,localized,,,37.904385105,-12.613584127,1764590586.488219500
trajectory,,localized,,,37.902882046,-12.607622296,1764590586.792123795
trajectory,,localized,,,37.905226822,-12.608807297,1764590587.102397680
trajectory,,localized,,,37.903453759,-12.610814129,1764590587.406239986
trajectory,,localized,,,37.905608092,-12.608271092,1764590587.710079908
trajectory,,localized,,,37.905421269,-12.609899864,1764590588.013919830
trajectory,,localized,,,37.902223129,-12.607813659,1764590588.324219465
trajectory,,localized,,,37.905829734,-12.611055052,1764590588.628059626
trajectory,,localized,,,37.903859055,-12.610170644,1764590588.931899548
trajectory,,localized,,,37.902980923,-12.610573528,1764590589.241898298
trajectory,,localized,,,37.904902101,-12.611231767,1764590589.545664310
trajectory,,localized,,,37.901516302,-12.608600547,1764590589.849385500
trajectory,,localized,,,37.906842829,-12.609421600,1764590590.160140276
trajectory,,localized,,,37.904714565,-12.609520159,1764590590.464566469
trajectory,,localized,,,37.903356106,-12.610797050,1764590590.768406391
trajectory,,localized,,,37.903886958,-12.609441693,1764590591.079101324
trajectory,,localized,,,37.902830232,-12.611259394,1764590591.382954836
trajectory,,localized,,,37.905665399,-12.611415174,1764590591.686794996
trajectory,,localized,,,37.902270765,-12.610319162,1764590591.990634918
trajectory,,localized,,,37.906025261,-12.611679643,1764590592.301258326
trajectory,,localized,,,37.904137992,-12.610636722,1764590592.605098486
trajectory,,localized,,,37.904178554,-12.609172568,1764590592.908938408
trajectory,,localized,,,37.904513761,-12.610234533,1764590593.218488932
trajectory,,localized,,,37.901039700,-12.608696306,1764590593.522245169
trajectory,,localized,,,37.903475542,-12.611141286,1764590593.826005936
trajectory,,localized,,,37.905658652,-12.610885451,1764590594.136713028
trajectory,,localized,,,37.901714985,-12.611107395,1764590594.441853762
trajectory,,localized,,,37.906110190,-12.610532248,1764590594.745693922
trajectory,,localized,,,37.903604984,-12.607531278,1764590595.049533844
trajectory,,localized,,,37.903977600,-12.610622292,1764590595.360256910
trajectory,,localized,,,37.902483076,-12.609064724,1764590595.664097071
trajectory,,localized,,,37.903754621,-12.609082046,1764590595.967932463
trajectory,,localized,,,37.902990182,-12.608731204,1764590596.278028965
trajectory,,localized,,,37.905790751,-12.609264416,1764590596.581671238
trajectory,,localized,,,37.905192377,-12.611694686,1764590596.885283470
trajectory,,localized,,,37.898650743,-12.610316710,1764590597.196758986
trajectory,,localized,,,37.903918430,-12.611633348,1764590597.500514746
trajectory,,localized,,,37.905189158,-12.607365320,1764590597.804196358
trajectory,,localized,,,37.904069172,-12.609581020,1764590598.114581108
trajectory,,localized,,,37.902190758,-12.609428838,1764590598.418434620
trajectory,,localized,,,37.900850847,-12.607083783,1764590598.722274780
trajectory,,localized,,,37.902257859,-12.608769602,1764590599.026114702
trajectory,,localized,,,37.902918451,-12.607539548,1764590599.336359024
trajectory,,localized,,,37.903095961,-12.608941257,1764590599.640188932
trajectory,,localized,,,37.900242387,-12.606743708,1764590599.944038868
trajectory,,localized,,,37.902584362,-12.610989634,1764590600.253421783
trajectory,,localized,,,37.904212065,-12.609776887,1764590600.557133198
trajectory,,localized,,,37.901273675,-12.607270717,1764590600.860834599
trajectory,,localized,,,37.902765450,-12.609597271,1764590601.172704935
trajectory,,localized,,,37.903100438,-12.611460167,1764590601.476544619
trajectory,,localized,,,37.903486275,-12.609485569,1764590601.780384779
trajectory,,localized,,,37.902444516,-12.609972386,1764590602.091117859
trajectory,,localized,,,37.912128945,-12.647547355,1764590602.394966841
trajectory,,localized,,,37.963244568,-12.731841227,1764590602.698807001
trajectory,,localized,,,38.040898253,-12.872317932,1764590603.002646923
trajectory,,localized,,,38.060545404,-13.157978272,1764590603.312892675
trajectory,,localized,,,38.029342572,-13.478813104,1764590603.616653681
trajectory,,localized,,,37.998658969,-13.782308369,1764590603.920414448
trajectory,,localized,,,37.892304676,-14.067807250,1764590604.229961157
trajectory,,localized,,,37.715063618,-14.424880687,1764590604.533706903
trajectory,,localized,,,37.564354615,-14.751756767,1764590604.839446306
trajectory,,localized,,,37.390645619,-15.077598203,1764590605.150157452
trajectory,,localized,,,37.125721646,-15.398588377,1764590605.454002380
trajectory,,localized,,,36.873506921,-15.802075781,1764590605.757842064
trajectory,,localized,,,36.660599698,-16.158769466,1764590606.061682224
trajectory,,localized,,,36.463206256,-16.492338339,1764590606.372375488
trajectory,,localized,,,36.264112471,-16.930319156,1764590606.676215410
trajectory,,localized,,,36.151929958,-17.383707779,1764590606.980055332
trajectory,,localized,,,36.051537463,-17.801216349,1764590607.290753365
trajectory,,localized,,,35.944219335,-18.229790160,1764590607.594583750
trajectory,,localized,,,35.871952600,-18.725817087,1764590607.898433447
trajectory,,localized,,,35.858343654,-19.156054175,1764590608.208683014
trajectory,,localized,,,35.831411379,-19.561757767,1764590608.512537956
trajectory,,localized,,,35.853355049,-20.035235135,1764590608.816378117
trajectory,,localized,,,35.972772195,-20.480489219,1764590609.126635313
trajectory,,localized,,,36.075624927,-20.864863172,1764590609.430486202
trajectory,,localized,,,36.134949943,-21.251737951,1764590609.734321356
trajectory,,localized,,,36.156305465,-21.689656087,1764590610.038166285
trajectory,,localized,,,36.189319594,-22.054799446,1764590610.348413944
trajectory,,localized,,,36.128536298,-22.352321131,1764590610.652115822
trajectory,,localized,,,35.972165818,-22.702007691,1764590610.955797434
trajectory,,localized,,,35.789495161,-23.095423900,1764590611.264795065
trajectory,,localized,,,35.591154148,-23.425490152,1764590611.570218086
trajectory,,localized,,,35.343554018,-23.728347642,1764590611.874058247
trajectory,,localized,,,35.083548332,-24.121505796,1764590612.184784412
trajectory,,localized,,,34.910984564,-24.527524672,1764590612.488639116
trajectory,,localized,,,34.725064296,-24.862720059,1764590612.792479277
trajectory,,localized,,,34.545997755,-25.246146988,1764590613.103190899
trajectory,,localized,,,34.438939463,-25.688447199,1764590613.407040119
trajectory,,localized,,,34.410769007,-26.067592303,1764590613.710880041
trajectory,,localized,,,34.398030966,-26.442949986,1764590614.014720201
trajectory,,localized,,,34.396177041,-26.871836526,1764590614.324467659
trajectory,,localized,,,34.489940786,-27.229532478,1764590614.628208637
trajectory,,localized,,,34.609353781,-27.559576059,1764590614.931969643
trajectory,,localized,,,34.722077462,-27.899080363,1764590615.243801594
trajectory,,localized,,,34.878335678,-28.267784618,1764590615.547651529
trajectory,,localized,,,35.034081950,-28.540522827,1764590615.851491213
trajectory,,localized,,,35.182667896,-28.793449885,1764590616.162181854
trajectory,,localized,,,35.316391665,-29.046391578,1764590616.466029644
trajectory,,localized,,,35.467413587,-29.274992091,1764590616.769869804
trajectory,,localized,,,35.610988799,-29.394803340,1764590617.080588102
trajectory,,localized,,,35.738069517,-29.488825642,1764590617.384423494
trajectory,,localized,,,35.880155532,-29.521762859,1764590617.688263416
trajectory,,localized,,,35.900945179,-29.450437283,1764590617.992113352
trajectory,,localized,,,35.929768371,-29.344726893,1764590618.302398920
trajectory,,localized,,,35.953458872,-29.295422560,1764590618.606144905
trajectory,,localized,,,35.967665061,-29.269283791,1764590618.908149481
trajectory,,localized,,,36.005693258,-29.234913296,1764590619.219295025
trajectory,,localized,,,36.016360175,-29.216515132,1764590619.524183750
trajectory,,localized,,,36.021214156,-29.223071029,1764590619.827905178
trajectory,,localized,,,36.027152489,-29.225310312,1764590620.138272762
trajectory,,localized,,,36.025927238,-29.230223533,1764590620.442126989
trajectory,,localized,,,36.024822478,-29.229743081,1764590620.745967150
trajectory,,localized,,,36.018978310,-29.224391023,1764590621.049807310
trajectory,,localized,,,36.016317633,-29.223044685,1764590621.359817982
trajectory,,localized,,,36.026529901,-29.225349368,1764590621.663558960
trajectory,,localized,,,36.023251958,-29.229471091,1764590621.967260361
trajectory,,localized,,,36.024652506,-29.224741948,1764590622.278931856
trajectory,,localized,,,36.021185915,-29.223580144,1764590622.582772017
trajectory,,localized,,,36.021996656,-29.222795591,1764590622.886612177
trajectory,,localized,,,36.026186258,-29.222320406,1764590623.197333813
trajectory,,localized,,,36.023331358,-29.225814007,1764590623.501188755
trajectory,,localized,,,36.024037012,-29.224345806,1764590623.805028915
trajectory,,localized,,,36.022058300,-29.226043883,1764590624.115740299
trajectory,,localized,,,36.024264927,-29.227063024,1764590624.418922424
trajectory,,localized,,,36.021248074,-29.227623135,1764590624.722663403
trajectory,,localized,,,36.022350592,-29.229489376,1764590625.026661634
trajectory,,localized,,,36.021313569,-29.224845650,1764590625.335937738
trajectory,,localized,,,36.020832612,-29.222240501,1764590625.639678717
trajectory,,localized,,,36.020042999,-29.226498154,1764590625.945675373
trajectory,,localized,,,36.020526266,-29.226000357,1764590626.256386042
trajectory,,localized,,,36.021732851,-29.226481540,1764590626.560236216
trajectory,,localized,,,36.021362478,-29.224664267,1764590626.864076138
trajectory,,localized,,,36.024310898,-29.226947614,1764590627.174792767
trajectory,,localized,,,36.024708263,-29.226067956,1764590627.478637457
trajectory,,localized,,,36.020665269,-29.226937760,1764590627.782477379
trajectory,,localized,,,36.019686542,-29.227861235,1764590628.093198299
trajectory,,localized,,,36.024498382,-29.227742985,1764590628.397038937
trajectory,,localized,,,36.026251401,-29.225932532,1764590628.700879097
trajectory,,localized,,,36.026419720,-29.224035276,1764590629.004719019
trajectory,,localized,,,36.021750087,-29.227199593,1764590629.314219713
trajectory,,localized,,,36.023837665,-29.226365706,1764590629.617921114
trajectory,,localized,,,36.020858889,-29.226169800,1764590629.921627760
trajectory,,localized,,,36.019964557,-29.226659563,1764590630.233393669
trajectory,,localized,,,36.024003977,-29.224981993,1764590630.537243843
trajectory,,localized,,,36.025816745,-29.224768558,1764590630.841083765
trajectory,,localized,,,36.022851845,-29.226361165,1764590631.151311636
trajectory,,localized,,,36.022881112,-29.223550451,1764590631.454768419
trajectory,,localized,,,36.023708155,-29.226405264,1764590631.758484840
trajectory,,localized,,,36.022490770,-29.228883397,1764590632.062844276
trajectory,,localized,,,36.025187994,-29.226826371,1764590632.373084307
trajectory,,localized,,,36.031109569,-29.250035250,1764590632.676924229
trajectory,,localized,,,36.005975505,-29.303256345,1764590632.980764389
trajectory,,localized,,,35.966456210,-29.335590922,1764590633.291005373
trajectory,,localized,,,35.911459296,-29.322340182,1764590633.594845295
trajectory,,localized,,,35.906366580,-29.274185027,1764590633.898685455
trajectory,,localized,,,35.843978543,-29.130758460,1764590634.209401608
trajectory,,localized,,,35.693610500,-28.875844786,1764590634.513246298
trajectory,,localized,,,35.595364303,-28.628823490,1764590634.817086458
trajectory,,localized,,,35.463198972,-28.338512227,1764590635.127812862
trajectory,,localized,,,35.325027732,-28.072577737,1764590635.430441380
trajectory,,localized,,,35.095181301,-27.834158773,1764590635.734182358
trajectory,,localized,,,34.921051120,-27.567726400,1764590636.038220406
trajectory,,localized,,,34.844887246,-27.244264634,1764590636.350068808
trajectory,,localized,,,34.805735373,-26.933301160,1764590636.653908968
trajectory,,localized,,,34.754859253,-26.676896629,1764590636.957748890
trajectory,,localized,,,34.751647661,-26.386292640,1764590637.268373013
trajectory,,localized,,,34.910560545,-26.064057487,1764590637.572227955
trajectory,,localized,,,35.108444240,-25.739746662,1764590637.876067877
trajectory,,localized,,,35.253286925,-25.464418714,1764590638.186768532
trajectory,,localized,,,35.433939806,-25.230547241,1764590638.490608454
trajectory,,localized,,,35.685691100,-24.978871856,1764590638.794448376
trajectory,,localized,,,35.896632475,-24.782762409,1764590639.105176687
trajectory,,localized,,,36.085954914,-24.592739716,1764590639.409030437
trajectory,,localized,,,36.328395682,-24.413992076,1764590639.712870598
trajectory,,localized,,,36.662344365,-24.308487555,1764590640.016710281
trajectory,,localized,,,36.966363373,-24.225932247,1764590640.327414274
trajectory,,localized,,,37.265550516,-24.149632270,1764590640.631264448
trajectory,,localized,,,37.537811729,-24.178550955,1764590640.935114145
trajectory,,localized,,,37.807889888,-24.258798272,1764590641.245362997
trajectory,,localized,,,38.079775154,-24.280761329,1764590641.549237728
trajectory,,localized,,,38.319466610,-24.326238412,1764590641.853077650
trajectory,,localized,,,38.512161597,-24.468956177,1764590642.163317919
trajectory,,localized,,,38.701857438,-24.655106899,1764590642.467159986
trajectory,,localized,,,38.915694735,-24.810272272,1764590642.770999908
trajectory,,localized,,,39.068951889,-25.015984396,1764590643.074345589
trajectory,,localized,,,39.112192286,-25.224027541,1764590643.385081291
trajectory,,localized,,,39.128767597,-25.409810290,1764590643.688920975
trajectory,,localized,,,39.108524328,-25.514941001,1764590643.992761135
trajectory,,localized,,,39.098757507,-25.559769728,1764590644.303500891
trajectory,,localized,,,39.094072463,-25.583864621,1764590644.607341051
trajectory,,localized,,,39.089187783,-25.591458205,1764590644.911180973
trajectory,,localized,,,39.083131924,-25.599595008,1764590645.221266747
trajectory,,localized,,,39.083263225,-25.599524757,1764590645.525027514
trajectory,,localized,,,39.087400989,-25.600572034,1764590645.828768969
trajectory,,localized,,,39.085313882,-25.602374435,1764590646.139705896
trajectory,,localized,,,39.082544807,-25.599789649,1764590646.442042828
trajectory,,localized,,,39.081502596,-25.601588380,1764590646.745784044
trajectory,,localized,,,39.086858463,-25.601410870,1764590647.049861431
trajectory,,localized,,,39.082304042,-25.601379864,1764590647.362522364
trajectory,,localized,,,39.084835668,-25.601914720,1764590647.666362286
trajectory,,localized,,,39.083843044,-25.600902085,1764590647.970202208
trajectory,,localized,,,39.083411517,-25.600530387,1764590648.280944824
trajectory,,localized,,,39.085725095,-25.600803349,1764590648.584784746
trajectory,,localized,,,39.086755419,-25.599359859,1764590648.888620138
trajectory,,localized,,,39.085487905,-25.599009919,1764590649.199342966
trajectory,,localized,,,39.085911503,-25.600428843,1764590649.503187656
trajectory,,localized,,,39.086824442,-25.600714111,1764590649.807027340
trajectory,,localized,,,39.085038334,-25.600359300,1764590650.117754936
trajectory,,localized,,,39.086126181,-25.599173720,1764590650.421530724
trajectory,,localized,,,39.085038468,-25.599065318,1764590650.725370646
trajectory,,localized,,,39.084753919,-25.599598545,1764590651.028805494
trajectory,,localized,,,39.082458751,-25.601590414,1764590651.339850426
trajectory,,localized,,,39.086315616,-25.603336880,1764590651.643848658
trajectory,,localized,,,39.086398511,-25.599956036,1764590651.947688818
trajectory,,localized,,,39.083510034,-25.600284885,1764590652.257384777
trajectory,,localized,,,39.084598609,-25.602704066,1764590652.561763763
trajectory,,localized,,,39.084899650,-25.602358217,1764590652.865603685
trajectory,,localized,,,39.086055489,-25.599121569,1764590653.175707102
trajectory,,localized,,,39.085495255,-25.599747781,1764590653.480141163
trajectory,,localized,,,39.085079441,-25.600345445,1764590653.783981323
trajectory,,localized,,,39.085658490,-25.600840495,1764590654.094700813
trajectory,,localized,,,39.087914119,-25.600103060,1764590654.398543596
trajectory,,localized,,,39.087159593,-25.599925863,1764590654.702383518
trajectory,,localized,,,39.084987278,-25.598549512,1764590655.006223440
trajectory,,localized,,,39.084718718,-25.600823814,1764590655.315941095
trajectory,,localized,,,39.088825834,-25.599645751,1764590655.619662285
trajectory,,localized,,,39.086495954,-25.599115454,1764590655.923403502
trajectory,,localized,,,39.085266201,-25.603129491,1764590656.232762814
trajectory,,localized,,,39.085235378,-25.601496523,1764590656.539219856
trajectory,,localized,,,39.084868682,-25.598197434,1764590656.843069792
trajectory,,localized,,,39.085819565,-25.600578210,1764590657.151286840
trajectory,,localized,,,39.087248347,-25.600090020,1764590657.457686186
trajectory,,localized,,,39.085600311,-25.600705925,1764590657.761526108
trajectory,,localized,,,39.083977802,-25.600300346,1764590658.065366268
trajectory,,localized,,,39.086505323,-25.602252015,1764590658.376086473
trajectory,,localized,,,39.085150241,-25.601888254,1764590658.679921627
trajectory,,localized,,,39.085391640,-25.597753197,1764590658.983766317
trajectory,,localized,,,39.083909435,-25.598614156,1764590659.293271303
trajectory,,localized,,,39.086686098,-25.598071713,1764590659.597862959
trajectory,,localized,,,39.086290204,-25.599051966,1764590659.901703119
trajectory,,localized,,,39.085126005,-25.599796150,1764590660.212380648
trajectory,,localized,,,39.088175047,-25.601061477,1764590660.516220570
trajectory,,localized,,,39.083721863,-25.602847803,1764590660.820060492
trajectory,,localized,,,39.085254746,-25.598674520,1764590661.130774975
trajectory,,localized,,,39.080966429,-25.515166386,1764590661.434620142
trajectory,,localized,,,39.094042215,-25.344934227,1764590661.738460064
trajectory,,localized,,,39.130610878,-25.140879627,1764590662.042299986
trajectory,,localized,,,39.158678846,-24.955718698,1764590662.352007627
trajectory,,localized,,,39.178826327,-24.818478707,1764590662.655748844
trajectory,,localized,,,39.195684026,-24.739081285,1764590662.960241556
trajectory,,localized,,,39.168279657,-24.678464207,1764590663.270485401
trajectory,,localized,,,39.041019135,-24.558096623,1764590663.574325323
trajectory,,localized,,,38.841994238,-24.362434061,1764590663.878165483
trajectory,,localized,,,38.653194908,-24.168280604,1764590664.188424587
trajectory,,localized,,,38.413992302,-23.934196691,1764590664.492269754
trajectory,,localized,,,38.191397291,-23.706124972,1764590664.796109676
trajectory,,localized,,,37.933144378,-23.433263089,1764590665.106843710
trajectory,,localized,,,37.698623994,-23.157610955,1764590665.410692453
trajectory,,localized,,,37.474896060,-22.857872755,1764590665.714394093
trajectory,,localized,,,37.298563385,-22.529625884,1764590666.018372536
trajectory,,localized,,,37.084430072,-22.234856734,1764590666.327390909
trajectory,,localized,,,36.848652595,-21.986650741,1764590666.631112099
trajectory,,localized,,,36.630297912,-21.705993304,1764590666.934853315
trajectory,,localized,,,36.416639789,-21.376045954,1764590667.247481585
trajectory,,localized,,,36.199241714,-21.098819758,1764590667.551331520
trajectory,,localized,,,35.913902453,-20.836131935,1764590667.855171442
trajectory,,localized,,,35.628632696,-20.544150816,1764590668.165880203
trajectory,,localized,,,35.312465016,-20.248163307,1764590668.469731808
trajectory,,localized,,,35.023894733,-19.988503535,1764590668.773571730
trajectory,,localized,,,34.742064269,-19.731038810,1764590669.077411652
trajectory,,localized,,,34.457322325,-19.444167357,1764590669.387737036
trajectory,,localized,,,34.177529765,-19.172726094,1764590669.691458225
trajectory,,localized,,,33.872612953,-18.925970316,1764590669.995575190
trajectory,,localized,,,33.589916213,-18.602647981,1764590670.306535006
trajectory,,localized,,,33.374028471,-18.198642355,1764590670.610375166
trajectory,,localized,,,33.241297408,-17.791199717,1764590670.914215088
trajectory,,localized,,,33.163400601,-17.473962293,1764590671.224938393
trajectory,,localized,,,33.058486323,-17.249051697,1764590671.528778315
trajectory,,localized,,,32.886297848,-16.971978431,1764590671.832618475
trajectory,,localized,,,32.652162512,-16.746631835,1764590672.143353462
trajectory,,localized,,,32.413577196,-16.572306961,1764590672.447126389
trajectory,,localized,,,32.217045408,-16.401346326,1764590672.750763893
trajectory,,localized,,,32.029813013,-16.254672205,1764590673.054821014
trajectory,,localized,,,31.879956354,-16.187417074,1764590673.365602255
trajectory,,localized,,,31.736896016,-16.139202086,1764590673.669441938
trajectory,,localized,,,31.631480216,-16.083793373,1764590673.973282099
trajectory,,localized,,,31.568074299,-16.050348319,1764590674.283603668
trajectory,,localized,,,31.560421861,-16.039311538,1764590674.587443829
trajectory,,localized,,,31.556305741,-16.021009932,1764590674.891283512
trajectory,,localized,,,31.542911674,-16.016438484,1764590675.201830626
trajectory,,localized,,,31.542411774,-16.022640331,1764590675.505547523
trajectory,,localized,,,31.542234492,-16.022349530,1764590675.809308529
trajectory,,localized,,,31.541297702,-16.020841689,1764590676.120352268
trajectory,,localized,,,31.540961076,-16.019349150,1764590676.422186852
trajectory,,localized,,,31.543543168,-16.021176401,1764590676.728044987
trajectory,,localized,,,31.541145262,-16.020754500,1764590677.030064583
trajectory,,localized,,,31.544018248,-16.020248968,1764590677.342604637
trajectory,,localized,,,31.540231425,-16.021191529,1764590677.646444798
trajectory,,localized,,,31.542687929,-16.022149661,1764590677.950284719
trajectory,,localized,,,31.542027427,-16.021103952,1764590678.260987282
trajectory,,localized,,,31.541146044,-16.022819430,1764590678.564842224
trajectory,,localized,,,31.544762983,-16.021546889,1764590678.868682146
trajectory,,localized,,,31.544044174,-16.023648909,1764590679.178490400
trajectory,,localized,,,31.542683357,-16.021879323,1764590679.482246637
trajectory,,localized,,,31.545935040,-16.023897082,1764590679.785987616
trajectory,,localized,,,31.542928072,-16.023295463,1764590680.097044945
trajectory,,localized,,,31.544146821,-16.022814321,1764590680.401573420
trajectory,,localized,,,31.540849159,-16.023287999,1764590680.705413580
trajectory,,localized,,,31.543247089,-16.020951423,1764590681.009253263
trajectory,,localized,,,31.542818791,-16.023227432,1764590681.319997549
trajectory,,localized,,,31.542453490,-16.022345561,1764590681.623837709
trajectory,,localized,,,31.542119033,-16.023220006,1764590681.927677631
trajectory,,localized,,,31.542835246,-16.021994615,1764590682.238237143
trajectory,,localized,,,31.544883378,-16.024675212,1764590682.541998148
trajectory,,localized,,,31.543026424,-16.021125698,1764590682.845694780
trajectory,,localized,,,31.542140871,-16.022316419,1764590683.156701326
trajectory,,localized,,,31.546114083,-16.022797267,1764590683.460482836
trajectory,,localized,,,31.544194550,-16.021319535,1764590683.764535666
trajectory,,localized,,,31.541395276,-16.020535635,1764590684.068375349
trajectory,,localized,,,31.544642505,-16.022610811,1764590684.379143476
trajectory,,localized,,,31.542996473,-16.021790507,1764590684.682983637
trajectory,,localized,,,31.544487712,-16.024045520,1764590684.986823797
trajectory,,localized,,,31.541992626,-16.020480906,1764590685.296934366
trajectory,,localized,,,31.541327069,-16.021176329,1764590685.600650549
trajectory,,localized,,,31.544965638,-16.024004395,1764590685.904258013
trajectory,,localized,,,31.545903285,-16.023662813,1764590686.215975523
trajectory,,localized,,,31.543047020,-16.021802828,1764590686.519825459
trajectory,,localized,,,31.542136829,-16.022442066,1764590686.823665619
trajectory,,localized,,,31.541506404,-16.022372771,1764590687.134364367
trajectory,,localized,,,31.544984429,-16.023286594,1764590687.438193083
trajectory,,localized,,,31.543622915,-16.022728897,1764590687.742042780
trajectory,,localized,,,31.540698611,-16.024093866,1764590688.045882702
trajectory,,localized,,,31.541917042,-16.022719171,1764590688.355953455
trajectory,,localized,,,31.543904689,-16.024182590,1764590688.659694672
trajectory,,localized,,,31.543653492,-16.023677478,1764590688.963455439
trajectory,,localized,,,31.544308829,-16.025343454,1764590689.275950909
trajectory,,localized,,,31.542403301,-16.024058948,1764590689.579800844
trajectory,,localized,,,31.543415549,-16.022335042,1764590689.883640766
trajectory,,localized,,,31.543939376,-16.022626962,1764590690.194826841
trajectory,,localized,,,31.541084443,-16.021298946,1764590690.498681545
trajectory,,localized,,,31.536358554,-16.028372533,1764590690.802521229
trajectory,,localized,,,31.537807603,-16.030639565,1764590691.113718510
trajectory,,localized,,,31.495778091,-15.990716546,1764590691.417563438
trajectory,,localized,,,31.394692204,-15.843500706,1764590691.721403599
trajectory,,localized,,,31.194341144,-15.641311620,1764590692.025243759
trajectory,,localized,,,30.867827053,-15.490699332,1764590692.336445808
trajectory,,localized,,,30.535251278,-15.326592513,1764590692.640285730
trajectory,,localized,,,30.158377341,-15.135694246,1764590692.944125891
trajectory,,localized,,,29.729205640,-14.949860297,1764590693.255233765
trajectory,,localized,,,29.346086830,-14.860088089,1764590693.558930635
trajectory,,localized,,,29.004353687,-14.742698543,1764590693.862651825
trajectory,,localized,,,28.594031209,-14.564908677,1764590694.174220324
trajectory,,localized,,,28.212484149,-14.457917648,1764590694.478068590
trajectory,,localized,,,27.908339265,-14.352309980,1764590694.781908751
trajectory,,localized,,,27.595026775,-14.167497707,1764590695.093107462
trajectory,,localized,,,27.216868562,-13.950736382,1764590695.396950722
trajectory,,localized,,,26.888404166,-13.796546064,1764590695.700790644
trajectory,,localized,,,26.594058320,-13.604143864,1764590696.004630566
trajectory,,localized,,,26.210178594,-13.387613668,1764590696.315371990
trajectory,,localized,,,25.850646421,-13.200374475,1764590696.619212151
trajectory,,localized,,,25.490731894,-13.082549177,1764590696.923051834
trajectory,,localized,,,25.148252674,-12.965869338,1764590697.233772039
trajectory,,localized,,,24.761955369,-12.806839745,1764590697.537611961
trajectory,,localized,,,24.410717343,-12.740912816,1764590697.841451883
trajectory,,localized,,,24.090919414,-12.686483100,1764590698.152653456
trajectory,,localized,,,23.758962177,-12.581747413,1764590698.456215143
trajectory,,localized,,,23.419842671,-12.493640643,1764590698.759975910
trajectory,,localized,,,23.186521322,-12.457958721,1764590699.063717127
trajectory,,localized,,,23.060592989,-12.412512100,1764590699.373255730
trajectory,,localized,,,22.960651898,-12.436944844,1764590699.676996946
trajectory,,localized,,,22.939768815,-12.469731697,1764590699.980777502
trajectory,,localized,,,22.916099770,-12.468797140,1764590700.294274807
trajectory,,localized,,,22.915660454,-12.466254814,1764590700.598114729
trajectory,,localized,,,22.913755947,-12.491095981,1764590700.901954651
trajectory,,localized,,,22.913891738,-12.499897986,1764590701.212845087
trajectory,,localized,,,22.917268845,-12.495720834,1764590701.516720057
trajectory,,localized,,,22.915188724,-12.493560018,1764590701.820461035
trajectory,,localized,,,22.916347518,-12.498225346,1764590702.131493807
trajectory,,localized,,,22.915289715,-12.495842838,1764590702.435877562
trajectory,,localized,,,22.914101044,-12.499413042,1764590702.739697695
trajectory,,localized,,,22.915222785,-12.495590428,1764590703.043528080
trajectory,,localized,,,22.915124221,-12.497755123,1764590703.351734161
trajectory,,localized,,,22.914073448,-12.498462569,1764590703.655589104
trajectory,,localized,,,22.916508686,-12.497600463,1764590703.959300280
trajectory,,localized,,,22.916854268,-12.498869882,1764590704.273606300
trajectory,,localized,,,22.915775020,-12.497716117,1764590704.577476025
trajectory,,localized,,,22.916601187,-12.497810908,1764590704.881315947
trajectory,,localized,,,22.916160655,-12.495121702,1764590705.192507744
trajectory,,localized,,,22.915671307,-12.499255015,1764590705.496357679
trajectory,,localized,,,22.918108411,-12.501228701,1764590705.800193071
trajectory,,localized,,,22.911097447,-12.498588533,1764590706.111380339
trajectory,,localized,,,22.914445469,-12.496556042,1764590706.413716555
trajectory,,localized,,,22.916619442,-12.496846017,1764590706.717457294
trajectory,,localized,,,22.915234926,-12.496466167,1764590707.021673679
trajectory,,localized,,,22.914235542,-12.497228579,1764590707.333682775
trajectory,,localized,,,22.912369968,-12.499620703,1764590707.637522936
trajectory,,localized,,,22.912743735,-12.495985086,1764590707.941362858
trajectory,,localized,,,22.916609334,-12.495218217,1764590708.252080679
trajectory,,localized,,,22.917158316,-12.501466284,1764590708.555920601
trajectory,,localized,,,22.916647030,-12.498541533,1764590708.859765291
trajectory,,localized,,,22.914161190,-12.498431136,1764590709.170489550
trajectory,,localized,,,22.915633785,-12.495561905,1764590709.473457813
trajectory,,localized,,,22.912764527,-12.497103696,1764590709.777218580
trajectory,,localized,,,22.918433557,-12.499237929,1764590710.081137657
trajectory,,localized,,,22.913991921,-12.495023183,1764590710.393152237
trajectory,,localized,,,22.915209785,-12.497007201,1764590710.696992159
trajectory,,localized,,,22.915368345,-12.496688937,1764590711.000832081
trajectory,,localized,,,22.918693055,-12.498286602,1764590711.312115669
trajectory,,localized,,,22.918830234,-12.499585674,1764590711.615955830
trajectory,,localized,,,22.915829788,-12.497666999,1764590711.919815540
trajectory,,localized,,,22.916851394,-12.498482357,1764590712.230927944
trajectory,,localized,,,22.917427719,-12.497709218,1764590712.534777641
trajectory,,localized,,,22.914116405,-12.495181355,1764590712.838523865
trajectory,,localized,,,22.915422986,-12.496717410,1764590713.149816275
trajectory,,localized,,,22.916896900,-12.501312902,1764590713.452119827
trajectory,,localized,,,22.919876381,-12.498874671,1764590713.755856037
trajectory,,localized,,,22.919169506,-12.499382476,1764590714.059676170
trajectory,,localized,,,22.914631099,-12.496022275,1764590714.370817423
trajectory,,localized,,,22.913367493,-12.497558628,1764590714.674558640
trajectory,,localized,,,22.914470300,-12.497040378,1764590714.978339434
trajectory,,localized,,,22.914237403,-12.499869901,1764590715.291419744
trajectory,,localized,,,22.915195316,-12.496698456,1764590715.595259905
trajectory,,localized,,,22.914868020,-12.496243845,1764590715.899099827
trajectory,,localized,,,22.913840336,-12.497395472,1764590716.210301161
trajectory,,localized,,,22.917793253,-12.498504796,1764590716.514141083
trajectory,,localized,,,22.912134062,-12.499139878,1764590716.817921638
trajectory,,localized,,,22.912788997,-12.501439137,1764590717.128932238
trajectory,,localized,,,22.917439761,-12.493859023,1764590717.433042288
trajectory,,localized,,,22.915124809,-12.497648409,1764590717.736882210
trajectory,,localized,,,22.916125604,-12.497884064,1764590718.038723946
trajectory,,localized,,,22.949187183,-12.460755139,1764590718.351463318
trajectory,,localized,,,23.079746084,-12.368065074,1764590718.655303240
trajectory,,localized,,,23.216355680,-12.229090023,1764590718.959143400
trajectory,,localized,,,23.284261893,-12.025244971,1764590719.269854546
trajectory,,localized,,,23.268851372,-11.819736087,1764590719.573665142
trajectory,,localized,,,23.169302486,-11.568581024,1764590719.877426147
trajectory,,localized,,,23.106927356,-11.238508012,1764590720.188167334
trajectory,,localized,,,23.032042211,-10.858033723,1764590720.490720987
trajectory,,localized,,,22.920347091,-10.485568401,1764590720.794481754
trajectory,,localized,,,22.820108195,-10.124231070,1764590721.105718374
trajectory,,localized,,,22.738832090,-9.732786547,1764590721.410507202
trajectory,,localized,,,22.599465626,-9.320794821,1764590721.714347124
trajectory,,localized,,,22.468165632,-8.951303212,1764590722.018187046
trajectory,,localized,,,22.375972511,-8.585585503,1764590722.329388618
trajectory,,localized,,,22.293171108,-8.165816017,1764590722.633228779
trajectory,,localized,,,22.167575259,-7.796064828,1764590722.937068701
trajectory,,localized,,,22.046578964,-7.423823448,1764590723.248275042
trajectory,,localized,,,21.998392579,-7.047821191,1764590723.552129984
trajectory,,localized,,,21.930965272,-6.659586689,1764590723.855969906
trajectory,,localized,,,21.857987305,-6.302558831,1764590724.167163610
trajectory,,localized,,,21.794630055,-5.893643759,1764590724.471011162
trajectory,,localized,,,21.816505477,-5.467375431,1764590724.774851322
trajectory,,localized,,,21.808718959,-5.062296486,1764590725.078691244
trajectory,,localized,,,21.757128045,-4.653924419,1764590725.389892578
trajectory,,localized,,,21.792288516,-4.242251395,1764590725.693732500
trajectory,,localized,,,21.845165781,-3.807037693,1764590725.997572422
trajectory,,localized,,,21.837546815,-3.412766539,1764590726.308773518
trajectory,,localized,,,21.833604252,-3.004133718,1764590726.612613678
trajectory,,localized,,,21.908094336,-2.582959809,1764590726.916453838
trajectory,,localized,,,21.985575100,-2.174923394,1764590727.227299213
trajectory,,localized,,,22.066493972,-1.748832529,1764590727.531020641
trajectory,,localized,,,22.156754761,-1.327463498,1764590727.834702253
trajectory,,localized,,,22.343843834,-0.895373223,1764590728.145965099
trajectory,,localized,,,22.552027737,-0.474875633,1764590728.447661161
trajectory,,localized,,,22.792247627,-0.126925898,1764590728.751402140
trajectory,,localized,,,23.028577727,0.141081847,1764590729.055776358
trajectory,,localized,,,23.272649588,0.461140145,1764590729.368323088
trajectory,,localized,,,23.498138758,0.746563945,1764590729.672173023
trajectory,,localized,,,23.728051945,1.020002109,1764590729.976017714
trajectory,,localized,,,24.034982511,1.318623848,1764590730.287209511
trajectory,,localized,,,24.391408264,1.640613060,1764590730.591020107
trajectory,,localized,,,24.687183481,1.917735402,1764590730.894780874
trajectory,,localized,,,25.046092450,2.154253291,1764590731.206095695
trajectory,,localized,,,25.446037797,2.457842582,1764590731.509940624
trajectory,,localized,,,25.779232510,2.770426641,1764590731.813775778
trajectory,,localized,,,26.112285523,3.036202325,1764590732.124984264
trajectory,,localized,,,26.497700694,3.304495297,1764590732.428820372
trajectory,,localized,,,26.838742408,3.614630305,1764590732.732660294
trajectory,,localized,,,27.177256622,3.901606310,1764590733.036500454
trajectory,,localized,,,27.570510658,4.141010842,1764590733.347697496
trajectory,,localized,,,27.972813690,4.445744512,1764590733.651537657
trajectory,,localized,,,28.326837100,4.749276477,1764590733.955377579
trajectory,,localized,,,28.704017738,5.005731609,1764590734.266555309
trajectory,,localized,,,29.101418163,5.308280369,1764590734.570395231
trajectory,,localized,,,29.452157699,5.637943818,1764590734.874235392
trajectory,,localized,,,29.780994804,5.964185050,1764590735.185439587
trajectory,,localized,,,30.138611109,6.257441933,1764590735.489064932
trajectory,,localized,,,30.516509887,6.553385516,1764590735.793078184
trajectory,,localized,,,30.836559807,6.836679903,1764590736.104318380
trajectory,,localized,,,31.149686889,7.124604567,1764590736.408176661
trajectory,,localized,,,31.517143811,7.429945313,1764590736.712021351
trajectory,,localized,,,31.851237860,7.724370821,1764590737.015807152
trajectory,,localized,,,32.195871299,7.979706613,1764590737.327083826
trajectory,,localized,,,32.594949688,8.247345782,1764590737.630923986
trajectory,,localized,,,32.969658413,8.562126063,1764590737.934764147
trajectory,,localized,,,33.295033028,8.847330231,1764590738.244150639
trajectory,,localized,,,33.654344057,9.144415258,1764590738.547926426
trajectory,,localized,,,34.029158782,9.490106191,1764590738.851667643
trajectory,,localized,,,34.352228883,9.799633113,1764590739.162945509
trajectory,,localized,,,34.673240813,10.137036789,1764590739.468229532
trajectory,,localized,,,34.984814649,10.516875742,1764590739.772069454
trajectory,,localized,,,35.276420638,10.856542473,1764590740.075909615
trajectory,,localized,,,35.597799236,11.172644878,1764590740.386652470
trajectory,,localized,,,35.949822718,11.443950215,1764590740.690492630
trajectory,,localized,,,36.320997260,11.757012658,1764590740.994332790
trajectory,,localized,,,36.686108283,12.039230505,1764590741.304540396
trajectory,,localized,,,37.013873513,12.322016838,1764590741.608301163
trajectory,,localized,,,37.387206330,12.642188072,1764590741.912061930
trajectory,,localized,,,37.750334786,12.944184598,1764590742.223456144
trajectory,,localized,,,38.098855557,13.210026532,1764590742.527296305
trajectory,,localized,,,38.494348619,13.460604043,1764590742.831136465
trajectory,,localized,,,38.900461972,13.757492335,1764590743.142347097
trajectory,,localized,,,39.247300350,14.037050453,1764590743.446198463
trajectory,,localized,,,39.602096588,14.276682834,1764590743.750038385
trajectory,,localized,,,40.022382527,14.541036073,1764590744.053873777
trajectory,,localized,,,40.411437068,14.790848532,1764590744.365065098
trajectory,,localized,,,40.763083305,15.043459607,1764590744.668915510
trajectory,,localized,,,41.143061274,15.289979669,1764590744.972760439
trajectory,,localized,,,41.540924865,15.570372753,1764590745.283956051
trajectory,,localized,,,41.912018463,15.811629855,1764590745.587800980
trajectory,,localized,,,42.301927433,16.014503228,1764590745.891640902
trajectory,,localized,,,42.722495969,16.270539845,1764590746.202438354
trajectory,,localized,,,43.118766799,16.509269059,1764590746.506144762
trajectory,,localized,,,43.487063111,16.700453293,1764590746.809826612
trajectory,,localized,,,43.898679825,16.896618382,1764590747.121129513
trajectory,,localized,,,44.315162962,17.109511458,1764590747.425557852
trajectory,,localized,,,44.685485277,17.322126795,1764590747.729398012
trajectory,,localized,,,45.056415117,17.521504468,1764590748.033237934
trajectory,,localized,,,45.480404885,17.787411669,1764590748.344439745
trajectory,,localized,,,45.857112373,18.019756411,1764590748.648180962
trajectory,,localized,,,46.196781878,18.245059683,1764590748.951902151
trajectory,,localized,,,46.600500140,18.494278807,1764590749.261261463
trajectory,,localized,,,46.969795308,18.795859275,1764590749.565007687
trajectory,,localized,,,47.292893550,19.104958230,1764590749.868768454
trajectory,,localized,,,47.642811693,19.379490120,1764590750.180122137
trajectory,,localized,,,48.036815830,19.685713991,1764590750.485609055
trajectory,,localized,,,48.337516271,19.992254086,1764590750.789449215
trajectory,,localized,,,48.633485423,20.265336471,1764590751.100179195
trajectory,,localized,,,48.981977503,20.568683503,1764590751.404032946
trajectory,,localized,,,49.259912807,20.895367383,1764590751.707872868
trajectory,,localized,,,49.516163358,21.199958629,1764590752.011703253
trajectory,,localized,,,49.796619616,21.504268975,1764590752.321800232
trajectory,,localized,,,50.114752113,21.825461934,1764590752.625560999
trajectory,,localized,,,50.363366611,22.150544212,1764590752.929301977
trajectory,,localized,,,50.627893471,22.445223417,1764590753.240808010
trajectory,,localized,,,50.967604985,22.740821264,1764590753.544647932
trajectory,,localized,,,51.269819302,23.033744351,1764590753.848487854
trajectory,,localized,,,51.553681248,23.314735945,1764590754.159663200
trajectory,,localized,,,51.890098827,23.579145187,1764590754.463502169
trajectory,,localized,,,52.240817559,23.844523567,1764590754.767342567
trajectory,,localized,,,52.535220214,24.096015868,1764590755.071182251
trajectory,,localized,,,52.808062157,24.264040742,1764590755.382301807
trajectory,,localized,,,53.100586698,24.385211980,1764590755.686141729
trajectory,,localized,,,53.286825390,24.473773393,1764590755.989981890
trajectory,,localized,,,53.453636331,24.582392428,1764590756.301266670
trajectory,,localized,,,53.602755487,24.590333903,1764590756.605101824
trajectory,,localized,,,53.682493408,24.577362220,1764590756.908946514
trajectory,,localized,,,53.712596308,24.546976764,1764590757.219145536
trajectory,,localized,,,53.731621401,24.547979008,1764590757.522886753
trajectory,,localized,,,53.742086767,24.543149677,1764590757.826568365
trajectory,,localized,,,53.749424894,24.529990471,1764590758.137930393
trajectory,,localized,,,53.741531833,24.531290256,1764590758.442944765
trajectory,,localized,,,53.735921679,24.533397162,1764590758.746784687
trajectory,,localized,,,53.722373426,24.534742029,1764590759.050624609
trajectory,,localized,,,53.725926131,24.536127465,1764590759.361515760
trajectory,,localized,,,53.723957412,24.536758942,1764590759.665256977
trajectory,,localized,,,53.728493650,24.533960443,1764590759.969017744
trajectory,,localized,,,53.723855956,24.533336214,1764590760.278511763
trajectory,,localized,,,53.726222662,24.536776733,1764590760.582277775
trajectory,,localized,,,53.726096939,24.537204523,1764590760.888432741
trajectory,,localized,,,53.723980699,24.534736872,1764590761.199154377
trajectory,,localized,,,53.724301731,24.533990811,1764590761.503009319
trajectory,,localized,,,53.724311545,24.534789781,1764590761.806849480
trajectory,,localized,,,53.725878231,24.538027607,1764590762.117538452
trajectory,,localized,,,53.723774432,24.534783443,1764590762.421386719
trajectory,,localized,,,53.724085326,24.537541500,1764590762.725226641
trajectory,,localized,,,53.724669626,24.534854005,1764590763.029052019
trajectory,,localized,,,53.723536003,24.535427287,1764590763.339781284
trajectory,,localized,,,53.725537932,24.537651530,1764590763.643621445
trajectory,,localized,,,53.723685667,24.535476226,1764590763.947466135
trajectory,,localized,,,53.724423022,24.537102043,1764590764.258172274
trajectory,,localized,,,53.725033680,24.538199392,1764590764.562007189
trajectory,,localized,,,53.724917916,24.535223131,1764590764.865016222
trajectory,,localized,,,53.724659227,24.535027182,1764590765.176211119
trajectory,,localized,,,53.722477900,24.533816731,1764590765.480907917
trajectory,,localized,,,53.723318097,24.535370939,1764590765.784748077
trajectory,,localized,,,53.728281546,24.533392613,1764590766.088588238
trajectory,,localized,,,53.724635406,24.533740970,1764590766.399788618
trajectory,,localized,,,53.726319457,24.536658507,1764590766.703628778
trajectory,,localized,,,53.723540421,24.534990050,1764590767.007463932
trajectory,,localized,,,53.724496913,24.536746596,1764590767.318669796
trajectory,,localized,,,53.722850954,24.532545984,1764590767.622509718
trajectory,,localized,,,53.723077273,24.536176458,1764590767.926349640
trajectory,,localized,,,53.724143417,24.535017760,1764590768.235829592
trajectory,,localized,,,53.724199173,24.536757200,1764590768.539531469
trajectory,,localized,,,53.725254663,24.533875953,1764590768.843252659
trajectory,,localized,,,53.725638031,24.538008776,1764590769.154659510
trajectory,,localized,,,53.724916782,24.532950141,1764590769.460293770
trajectory,,localized,,,53.729468272,24.534776391,1764590769.764133692
trajectory,,localized,,,53.725943645,24.534839033,1764590770.067973852
trajectory,,localized,,,53.725332265,24.535442511,1764590770.378760815
trajectory,,localized,,,53.724167915,24.536132109,1764590770.682521343
trajectory,,localized,,,53.724855736,24.533547518,1764590770.986262321
trajectory,,localized,,,53.723626764,24.535883194,1764590771.298058033
trajectory,,localized,,,53.724937214,24.536149055,1764590771.601898193
trajectory,,localized,,,53.723418901,24.537048718,1764590771.905738354
trajectory,,localized,,,53.713969721,24.535908542,1764590772.216485262
trajectory,,localized,,,53.618126639,24.563643149,1764590772.520335436
trajectory,,localized,,,53.414890221,24.662193943,1764590772.824180126
trajectory,,localized,,,53.179830692,24.752111249,1764590773.134892941
trajectory,,localized,,,53.023245405,24.827415339,1764590773.438740969
trajectory,,localized,,,52.952347454,24.799079559,1764590773.742580891
trajectory,,localized,,,52.905431860,24.606203513,1764590774.046416044
trajectory,,localized,,,52.752054672,24.323001479,1764590774.357140303
trajectory,,localized,,,52.535875439,23.989604516,1764590774.660975695
trajectory,,localized,,,52.385733620,23.666944915,1764590774.964820385
trajectory,,localized,,,52.279933042,23.384662004,1764590775.276000023
trajectory,,localized,,,52.145406816,23.091160260,1764590775.579839706
trajectory,,localized,,,51.963485556,22.757393527,1764590775.883679628
trajectory,,localized,,,51.834507700,22.463519299,1764590776.194885731
trajectory,,localized,,,51.691923271,22.202989416,1764590776.498740673
trajectory,,localized,,,51.496220119,21.927814198,1764590776.802580595
trajectory,,localized,,,51.197612898,21.627505561,1764590777.113774300
trajectory,,localized,,,50.971293701,21.343307035,1764590777.417622566
trajectory,,localized,,,50.715457146,21.136485540,1764590777.721462727
trajectory,,localized,,,50.404937330,20.923495039,1764590778.025302410
trajectory,,localized,,,50.076520886,20.716211826,1764590778.336148977
trajectory,,localized,,,49.829588166,20.497519586,1764590778.639830828
trajectory,,localized,,,49.556486193,20.307840806,1764590778.943552017
trajectory,,localized,,,49.189780256,20.089353525,1764590779.255392313
trajectory,,localized,,,48.837698139,19.823886265,1764590779.559247255
trajectory,,localized,,,48.546709104,19.574286267,1764590779.863087177
trajectory,,localized,,,48.202400102,19.353922210,1764590780.174276114
trajectory,,localized,,,47.818001266,19.102207266,1764590780.478129387
trajectory,,localized,,,47.522839712,18.854890447,1764590780.781969309
trajectory,,localized,,,47.232248534,18.662874195,1764590781.085809231
trajectory,,localized,,,46.875753166,18.453545117,1764590781.395983458
trajectory,,localized,,,46.530443049,18.221081763,1764590781.699665070
trajectory,,localized,,,46.269788234,17.985928373,1764590782.004256964
trajectory,,localized,,,45.989670528,17.770230677,1764590782.315454721
trajectory,,localized,,,45.707151124,17.502166870,1764590782.619294643
trajectory,,localized,,,45.580669670,17.223505222,1764590782.923134565
trajectory,,localized,,,45.548258639,17.026720003,1764590783.234245777
trajectory,,localized,,,45.499197548,16.846339454,1764590783.538056374
trajectory,,localized,,,45.511860554,16.669958799,1764590783.841935873
trajectory,,localized,,,45.527802256,16.509254785,1764590784.152647972
trajectory,,localized,,,45.541579564,16.452037871,1764590784.456100702
trajectory,,localized,,,45.546015784,16.447418616,1764590784.759822130
trajectory,,localized,,,45.548845693,16.435384614,1764590785.064176321
trajectory,,localized,,,45.548560600,16.433079815,1764590785.374511719
trajectory,,localized,,,45.546722767,16.432829892,1764590785.678193569
trajectory,,localized,,,45.550460049,16.426358904,1764590785.981934547
trajectory,,localized,,,45.548400261,16.426148132,1764590786.293773890
trajectory,,localized,,,45.549209296,16.426952998,1764590786.597618580
trajectory,,localized,,,45.547034425,16.426504361,1764590786.901458502
trajectory,,localized,,,45.546888536,16.427024446,1764590787.212660313
trajectory,,localized,,,45.551388620,16.428154994,1764590787.516500473
trajectory,,localized,,,45.547522601,16.427544168,1764590787.820340157
trajectory,,localized,,,45.545941316,16.427649842,1764590788.131549358
trajectory,,localized,,,45.545162582,16.426052240,1764590788.435401917
trajectory,,localized,,,45.545970449,16.427773959,1764590788.739237070
trajectory,,localized,,,45.550402059,16.432349911,1764590789.043081999
trajectory,,localized,,,45.548409310,16.429645640,1764590789.353056908
trajectory,,localized,,,45.544805366,16.428711098,1764590789.656733751
trajectory,,localized,,,45.546112743,16.428317495,1764590789.960440159
trajectory,,localized,,,45.548752400,16.430369957,1764590790.273159981
trajectory,,localized,,,45.547777029,16.430809843,1764590790.577004910
trajectory,,localized,,,45.547895909,16.428252677,1764590790.880845070
trajectory,,localized,,,45.549349019,16.432628157,1764590791.192047596
trajectory,,localized,,,45.546967266,16.428025928,1764590791.495851517
trajectory,,localized,,,45.548538881,16.429396849,1764590791.799726009
trajectory,,localized,,,45.546958277,16.428505714,1764590792.110933065
trajectory,,localized,,,45.545612625,16.428970253,1764590792.413242817
trajectory,,localized,,,45.546629718,16.428535528,1764590792.716984034
trajectory,,localized,,,45.547342900,16.430831718,1764590793.021199942
trajectory,,localized,,,45.548544532,16.431317345,1764590793.333641291
trajectory,,localized,,,45.551818600,16.431892806,1764590793.637481451
trajectory,,localized,,,45.548119036,16.430239676,1764590793.941321373
trajectory,,localized,,,45.548023322,16.429027142,1764590794.252022028
trajectory,,localized,,,45.545953947,16.429967674,1764590794.555867195
trajectory,,localized,,,45.548046648,16.431472818,1764590794.859717131
trajectory,,localized,,,45.547146932,16.429716291,1764590795.170425892
trajectory,,localized,,,45.545712987,16.430126701,1764590795.474277258
trajectory,,localized,,,45.547251803,16.429389760,1764590795.778117180
trajectory,,localized,,,45.544336392,16.429728369,1764590796.081264973
trajectory,,localized,,,45.549325298,16.430972180,1764590796.392678499
trajectory,,localized,,,45.547870708,16.430052062,1764590796.696518660
trajectory,,localized,,,45.545322777,16.426798053,1764590797.000358582
trajectory,,localized,,,45.544743108,16.430627925,1764590797.311362028
trajectory,,localized,,,45.546660249,16.434445459,1764590797.615083218
trajectory,,localized,,,45.545693909,16.432435030,1764590797.918764830
trajectory,,localized,,,45.542433971,16.430546591,1764590798.230437040
trajectory,,localized,,,45.546302871,16.433562542,1764590798.534281731
trajectory,,localized,,,45.544833199,16.431204489,1764590798.838121653
trajectory,,localized,,,45.544807477,16.430547815,1764590799.149328947
trajectory,,localized,,,45.545364335,16.430454446,1764590799.453149557
trajectory,,localized,,,45.549402555,16.430221488,1764590799.757004261
trajectory,,localized,,,45.546410502,16.430199632,1764590800.060839415
trajectory,,localized,,,45.547226214,16.432687720,1764590800.369861603
trajectory,,localized,,,45.547514220,16.431070250,1764590800.673444510
trajectory,,localized,,,45.545120035,16.430755411,1764590800.977284431
trajectory,,localized,,,45.549759821,16.430103037,1764590801.290964365
trajectory,,localized,,,45.544198290,16.426940660,1764590801.594814062
trajectory,,localized,,,45.549500723,16.429535944,1764590801.898654222
trajectory,,localized,,,45.525691913,16.450450247,1764590802.209758997
trajectory,,localized,,,45.491906427,16.622452571,1764590802.513505220
trajectory,,localized,,,45.531644920,16.890052557,1764590802.817285776
trajectory,,localized,,,45.577668089,17.144410623,1764590803.128796816
trajectory,,localized,,,45.469818250,17.357037767,1764590803.432649612
trajectory,,localized,,,45.299783131,17.500707700,1764590803.736489534
trajectory,,localized,,,45.082636923,17.600171446,1764590804.040329695
trajectory,,localized,,,44.828738664,17.690428074,1764590804.351551294
trajectory,,localized,,,44.500085019,17.723074811,1764590804.655391455
trajectory,,localized,,,44.162354862,17.674349680,1764590804.959231377
trajectory,,localized,,,43.867002794,17.568387420,1764590805.270427465
trajectory,,localized,,,43.582845549,17.439929322,1764590805.574272394
trajectory,,localized,,,43.259879490,17.258644232,1764590805.878112316
trajectory,,localized,,,42.941099686,17.048358964,1764590806.189313650
trajectory,,localized,,,42.667100539,16.861527728,1764590806.493152618
trajectory,,localized,,,42.402818566,16.700614528,1764590806.796992779
trajectory,,localized,,,42.069592968,16.491922942,1764590807.100832701
trajectory,,localized,,,41.749259481,16.265668501,1764590807.411590815
trajectory,,localized,,,41.465712893,16.096416239,1764590807.715237856
trajectory,,localized,,,41.151741676,15.922628268,1764590808.019038200
trajectory,,localized,,,40.773912569,15.719553995,1764590808.331389189
trajectory,,localized,,,40.463398946,15.515488224,1764590808.635229111
trajectory,,localized,,,40.157107172,15.358866391,1764590808.939069033
trajectory,,localized,,,39.810786270,15.193269455,1764590809.249884844
trajectory,,localized,,,39.453850509,14.973337870,1764590809.553601265
trajectory,,localized,,,39.166758867,14.762306925,1764590809.857322454
trajectory,,localized,,,38.886027282,14.583545533,1764590810.168899298
trajectory,,localized,,,38.535351593,14.377115927,1764590810.473952055
trajectory,,localized,,,38.215088528,14.157152057,1764590810.777792215
trajectory,,localized,,,37.943602680,13.952982134,1764590811.081632137
trajectory,,localized,,,37.639111774,13.740388848,1764590811.392916203
trajectory,,localized,,,37.293716048,13.475963754,1764590811.696696758
trajectory,,localized,,,37.003260070,13.231349849,1764590812.000457525
trajectory,,localized,,,36.718054175,12.996420441,1764590812.312670946
trajectory,,localized,,,36.368809061,12.726343476,1764590812.616510868
trajectory,,localized,,,36.055630248,12.450107506,1764590812.920350790
trajectory,,localized,,,35.827811865,12.203581293,1764590813.232016087
trajectory,,localized,,,35.591691347,11.968927914,1764590813.535870790
trajectory,,localized,,,35.280872981,11.762444567,1764590813.839710951
trajectory,,localized,,,35.038721136,11.582641842,1764590814.151382685
trajectory,,localized,,,34.811079532,11.417426479,1764590814.455232143
trajectory,,localized,,,34.536156056,11.236833317,1764590814.759072304
trajectory,,localized,,,34.247463439,11.018534391,1764590815.062912464
trajectory,,localized,,,34.053093862,10.749633852,1764590815.374580145
trajectory,,localized,,,33.896881471,10.460657162,1764590815.678435087
trajectory,,localized,,,33.768907029,10.113977700,1764590815.982275009
trajectory,,localized,,,33.754842195,9.712533298,1764590816.293502808
trajectory,,localized,,,33.837647330,9.362047098,1764590816.597357750
trajectory,,localized,,,33.915184519,9.057983655,1764590816.901197672
trajectory,,localized,,,34.005479646,8.807564990,1764590817.212390423
trajectory,,localized,,,34.110120851,8.625580567,1764590817.516235352
trajectory,,localized,,,34.152359832,8.499371277,1764590817.819808006
trajectory,,localized,,,34.154811230,8.430385773,1764590818.130733967
trajectory,,localized,,,34.168855066,8.385012306,1764590818.433459759
trajectory,,localized,,,34.182581697,8.357796698,1764590818.738961935
trajectory,,localized,,,34.168810931,8.345534833,1764590819.040234566
trajectory,,localized,,,34.155598834,8.344132284,1764590819.353992701
trajectory,,localized,,,34.156172965,8.348756183,1764590819.657837868
trajectory,,localized,,,34.152601176,8.343943046,1764590819.961608410
trajectory,,localized,,,34.162063535,8.347223875,1764590820.271085739
trajectory,,localized,,,34.155809641,8.342153567,1764590820.574876070
trajectory,,localized,,,34.161396597,8.336347698,1764590820.878711224
trajectory,,localized,,,34.163340610,8.341865967,1764590821.190246344
trajectory,,localized,,,34.160241361,8.340720945,1764590821.496560574
trajectory,,localized,,,34.161060548,8.339451325,1764590821.800400496
trajectory,,localized,,,34.158802774,8.341481092,1764590822.112078190
trajectory,,localized,,,34.160860024,8.343316353,1764590822.414501667
trajectory,,localized,,,34.162895190,8.342849487,1764590822.718346834
trajectory,,localized,,,34.162583996,8.337549889,1764590823.022211552
trajectory,,localized,,,34.163122070,8.341960847,1764590823.335283279
trajectory,,localized,,,34.165254084,8.348221836,1764590823.639123440
trajectory,,localized,,,34.165495583,8.343453409,1764590823.942963362
trajectory,,localized,,,34.166544879,8.343517916,1764590824.254466534
trajectory,,localized,,,34.164653342,8.339932068,1764590824.558484316
trajectory,,localized,,,34.163175390,8.343962574,1764590824.862087250
trajectory,,localized,,,34.167159132,8.344233345,1764590825.173577309
trajectory,,localized,,,34.169555588,8.346745003,1764590825.477281809
trajectory,,localized,,,34.160597436,8.341052525,1764590825.781002998
trajectory,,localized,,,34.162529730,8.339217011,1764590826.084758759
trajectory,,localized,,,34.166943041,8.344211234,1764590826.396697760
trajectory,,localized,,,34.170102008,8.347969552,1764590826.700414419
trajectory,,localized,,,34.163687395,8.345789568,1764590827.004437208
trajectory,,localized,,,34.160415659,8.343732712,1764590827.316129446
trajectory,,localized,,,34.162302825,8.343297788,1764590827.619969368
trajectory,,localized,,,34.165646998,8.340704915,1764590827.923809528
trajectory,,localized,,,34.162577084,8.341283038,1764590828.234369755
trajectory,,localized,,,34.161573922,8.341782398,1764590828.538086414
trajectory,,localized,,,34.162913061,8.346310254,1764590828.841688871
trajectory,,localized,,,34.163371364,8.340555966,1764590829.153323889
trajectory,,localized,,,34.163865510,8.340991637,1764590829.454574585
trajectory,,localized,,,34.164559098,8.345437801,1764590829.758280993
trajectory,,localized,,,34.162950445,8.344588805,1764590830.062120914
trajectory,,localized,,,34.164234904,8.341275137,1764590830.377042770
trajectory,,localized,,,34.163007906,8.340890115,1764590830.680843115
trajectory,,localized,,,34.165438860,8.346561860,1764590830.984584093
trajectory,,localized,,,34.163367934,8.347931580,1764590831.294098854
trajectory,,localized,,,34.167484247,8.345784222,1764590831.597775459
trajectory,,localized,,,34.166988085,8.345358280,1764590831.901644945
trajectory,,localized,,,34.160649297,8.343791178,1764590832.215845108
trajectory,,localized,,,34.160616504,8.339333607,1764590832.519690275
trajectory,,localized,,,34.162454969,8.340451786,1764590832.823540211
trajectory,,localized,,,34.165140862,8.341173946,1764590833.135217667
trajectory,,localized,,,34.162573411,8.338204387,1764590833.438092709
trajectory,,localized,,,34.162114621,8.341188744,1764590833.741893291
trajectory,,localized,,,34.164322171,8.368111752,1764590834.045753002
trajectory,,localized,,,34.103633329,8.456244835,1764590834.358404398
trajectory,,localized,,,34.056903704,8.522285820,1764590834.661670685
trajectory,,localized,,,34.006507289,8.607119276,1764590834.966104269
trajectory,,localized,,,33.960124268,8.697356194,1764590835.276945829
trajectory,,localized,,,33.950390770,8.800573781,1764590835.581013680
trajectory,,localized,,,33.940253500,8.857841205,1764590835.884695530
trajectory,,localized,,,33.844923685,8.801323252,1764590836.196315765
trajectory,,localized,,,33.637253218,8.652437089,1764590836.501008987
trajectory,,localized,,,33.402002179,8.465748413,1764590836.804849148
trajectory,,localized,,,33.067250192,8.244101363,1764590837.116074085
trajectory,,localized,,,32.681641940,7.954972108,1764590837.419397116
trajectory,,localized,,,32.329396649,7.670828314,1764590837.723157644
trajectory,,localized,,,32.030062637,7.483878233,1764590838.027452707
trajectory,,localized,,,31.679303722,7.314297910,1764590838.338814259
trajectory,,localized,,,31.276616046,7.116936673,1764590838.642654419
trajectory,,localized,,,30.948695906,6.926979060,1764590838.946494579
trajectory,,localized,,,30.634380422,6.787265123,1764590839.257695913
trajectory,,localized,,,30.259097243,6.635175389,1764590839.561535597
trajectory,,localized,,,29.959450995,6.515097290,1764590839.865375757
trajectory,,localized,,,29.725057825,6.498497077,1764590840.176562786
trajectory,,localized,,,29.445809660,6.554311997,1764590840.478670120
trajectory,,localized,,,29.058474759,6.583389160,1764590840.782470465
trajectory,,localized,,,28.697763353,6.515494021,1764590841.086369991
trajectory,,localized,,,28.385100308,6.358213494,1764590841.399745464
trajectory,,localized,,,28.067092238,6.163240400,1764590841.703580618
trajectory,,localized,,,27.790987556,5.845851945,1764590842.007425547
trajectory,,localized,,,27.650696671,5.466748360,1764590842.318491697
trajectory,,localized,,,27.568330512,5.056996983,1764590842.622232914
trajectory,,localized,,,27.582219288,4.606512677,1764590842.925974131
trajectory,,localized,,,27.656276602,4.173406195,1764590843.238451958
trajectory,,localized,,,27.699021460,3.816830058,1764590843.542306662
trajectory,,localized,,,27.753947859,3.515137108,1764590843.846146822
trajectory,,localized,,,27.933526733,3.307940802,1764590844.157819033
trajectory,,localized,,,28.250766142,3.211528129,1764590844.461195230
trajectory,,localized,,,28.597968320,3.142249694,1764590844.765475512
trajectory,,localized,,,28.937997885,3.087366280,1764590845.069231510
trajectory,,localized,,,29.236853768,3.003477072,1764590845.381059885
trajectory,,localized,,,29.518934342,2.915917097,1764590845.684900045
trajectory,,localized,,,29.682998551,2.749228830,1764590845.988739729
trajectory,,localized,,,29.874045582,2.436760834,1764590846.300456047
trajectory,,localized,,,30.054157559,2.126177583,1764590846.604310751
trajectory,,localized,,,30.238225416,1.893057108,1764590846.908150673
trajectory,,localized,,,30.372567318,1.639906542,1764590847.219851017
trajectory,,localized,,,30.480306441,1.294653740,1764590847.523695707
trajectory,,localized,,,30.631480977,1.021486334,1764590847.827535868
trajectory,,localized,,,30.830182491,0.868349515,1764590848.139227629
trajectory,,localized,,,30.946726970,0.777220385,1764590848.441574335
trajectory,,localized,,,30.985843469,0.726350309,1764590848.745315313
trajectory,,localized,,,30.985026565,0.732277701,1764590849.049709558
trajectory,,localized,,,30.997322405,0.704020562,1764590849.361951351
trajectory,,localized,,,31.080082585,0.601932057,1764590849.665791273
trajectory,,localized,,,31.191634523,0.512614651,1764590849.969631433
trajectory,,localized,,,31.275116702,0.460874031,1764590850.280755997
trajectory,,localized,,,31.313865364,0.409785910,1764590850.584610701
trajectory,,localized,,,31.305094619,0.392060388,1764590850.888450623
trajectory,,localized,,,31.319910563,0.386129299,1764590851.198942661
trajectory,,localized,,,31.334553797,0.381050765,1764590851.501704216
trajectory,,localized,,,31.337861691,0.390429080,1764590851.805465460
trajectory,,localized,,,31.338010666,0.387232168,1764590852.117035866
trajectory,,localized,,,31.335589528,0.390478946,1764590852.422179937
trajectory,,localized,,,31.335493587,0.390680642,1764590852.726020098
trajectory,,localized,,,31.334015404,0.391033036,1764590853.029860020
trajectory,,localized,,,31.338376267,0.391459286,1764590853.341114283
trajectory,,localized,,,31.332793016,0.389908444,1764590853.644835472
trajectory,,localized,,,31.332829297,0.389269166,1764590853.949274063
trajectory,,localized,,,31.339278630,0.391545996,1764590854.259583712
trajectory,,localized,,,31.339043545,0.389941657,1764590854.563314676
trajectory,,localized,,,31.338323257,0.389488990,1764590854.867016554
trajectory,,localized,,,31.334860765,0.388864327,1764590855.178884506
trajectory,,localized,,,31.338784574,0.390695438,1764590855.484401703
trajectory,,localized,,,31.338145270,0.394410725,1764590855.788122892
trajectory,,localized,,,31.339269254,0.393545189,1764590856.091769695
trajectory,,localized,,,31.339227847,0.388395782,1764590856.403872728
trajectory,,localized,,,31.333282974,0.390312157,1764590856.707712650
trajectory,,localized,,,31.336840101,0.393825456,1764590857.011552572
trajectory,,localized,,,31.339131485,0.387228845,1764590857.321700573
trajectory,,localized,,,31.336718325,0.389021727,1764590857.627063990
trajectory,,localized,,,31.336478729,0.390010612,1764590857.930903912
trajectory,,localized,,,31.338118567,0.391550920,1764590858.242463827
trajectory,,localized,,,31.337648211,0.392302644,1764590858.546318769
trajectory,,localized,,,31.337347181,0.393124973,1764590858.850158691
trajectory,,localized,,,31.336534513,0.390873117,1764590859.161260366
trajectory,,localized,,,31.336839200,0.390633202,1764590859.464148521
trajectory,,localized,,,31.337805345,0.394354832,1764590859.767889500
trajectory,,localized,,,31.339969834,0.391673469,1764590860.072263956
trajectory,,localized,,,31.337464327,0.392569529,1764590860.383954763
trajectory,,localized,,,31.333951226,0.387852692,1764590860.687794924
trajectory,,localized,,,31.335862650,0.391542787,1764590860.991634846
trajectory,,localized,,,31.339988178,0.393459063,1764590861.302865267
trajectory,,localized,,,31.336828626,0.393954756,1764590861.606705189
trajectory,,localized,,,31.336442958,0.391910043,1764590861.910545349
trajectory,,localized,,,31.337997547,0.388497621,1764590862.220907688
trajectory,,localized,,,31.338819568,0.391664716,1764590862.524713516
trajectory,,localized,,,31.338307030,0.391465272,1764590862.829503059
trajectory,,localized,,,31.336371084,0.388866169,1764590863.140295506
trajectory,,localized,,,31.333785574,0.390973200,1764590863.444617271
trajectory,,localized,,,31.336958000,0.389056393,1764590863.748457432
trajectory,,localized,,,31.337493079,0.391179971,1764590864.052297354
trajectory,,localized,,,31.335000090,0.389919389,1764590864.363458633
trajectory,,localized,,,31.307946088,0.417727454,1764590864.667308569
trajectory,,localized,,,31.157057526,0.516282544,1764590864.970931053
trajectory,,localized,,,31.019439521,0.533082828,1764590865.283340216
trajectory,,localized,,,30.818511279,0.437290227,1764590865.587194920
trajectory,,localized,,,30.593728810,0.310026084,1764590865.891035080
trajectory,,localized,,,30.406566490,0.144978263,1764590866.201905012
trajectory,,localized,,,30.178485687,-0.015501020,1764590866.506482124
trajectory,,localized,,,29.874092481,-0.161998874,1764590866.810321808
trajectory,,localized,,,29.557973129,-0.285851005,1764590867.121972561
trajectory,,localized,,,29.272044013,-0.384595982,1764590867.425818682
trajectory,,localized,,,28.961623910,-0.437043144,1764590867.729658842
trajectory,,localized,,,28.584672713,-0.447953837,1764590868.033498764
trajectory,,localized,,,28.204908197,-0.493600810,1764590868.343918800
trajectory,,localized,,,27.840274808,-0.536750929,1764590868.647640228
trajectory,,localized,,,27.501403825,-0.545559550,1764590868.951381207
trajectory,,localized,,,27.136452480,-0.578157841,1764590869.264589310
trajectory,,localized,,,26.803041955,-0.625282065,1764590869.568434000
trajectory,,localized,,,26.482474926,-0.689968645,1764590869.872274160
trajectory,,localized,,,26.162709653,-0.759475113,1764590870.183525324
trajectory,,localized,,,25.805938289,-0.876801916,1764590870.487164736
trajectory,,localized,,,25.518698969,-1.024069263,1764590870.790945530
trajectory,,localized,,,25.269092070,-1.159165964,1764590871.095042467
trajectory,,localized,,,25.019938565,-1.219539716,1764590871.406268597
trajectory,,localized,,,24.826579607,-1.227449866,1764590871.710108519
trajectory,,localized,,,24.823976899,-1.138690031,1764590872.012524128
trajectory,,localized,,,24.894950680,-1.014293660,1764590872.325169802
trajectory,,localized,,,24.905907269,-0.742538732,1764590872.629009962
trajectory,,localized,,,24.854720769,-0.386313301,1764590872.932850122
trajectory,,localized,,,24.778707389,-0.027334778,1764590873.243547678
trajectory,,localized,,,24.776180495,0.370121700,1764590873.547857761
trajectory,,localized,,,24.817571952,0.834570127,1764590873.851702452
trajectory,,localized,,,24.887460129,1.263645894,1764590874.163327456
trajectory,,localized,,,24.986551842,1.658124670,1764590874.467170238
trajectory,,localized,,,25.120720930,2.044055053,1764590874.771010160
trajectory,,localized,,,25.269512780,2.424963272,1764590875.074850082
trajectory,,localized,,,25.434243773,2.767424008,1764590875.386427879
trajectory,,localized,,,25.598011843,3.076302277,1764590875.690267801
trajectory,,localized,,,25.772468916,3.383119704,1764590875.994107723
trajectory,,localized,,,25.868358327,3.675441502,1764590876.305719852
trajectory,,localized,,,25.943599490,3.928865995,1764590876.609574556
trajectory,,localized,,,25.986527576,4.114418295,1764590876.913414478
trajectory,,localized,,,26.032143478,4.241953187,1764590877.223865747
trajectory,,localized,,,26.041696448,4.333996835,1764590877.527641296
trajectory,,localized,,,25.997621383,4.414428232,1764590877.831317902
trajectory,,localized,,,26.028279971,4.499751203,1764590878.143207788
trajectory,,localized,,,26.107375573,4.620764784,1764590878.448451281
trajectory,,localized,,,26.180086077,4.698053443,1764590878.752291441
trajectory,,localized,,,26.274284571,4.724843208,1764590879.056131124
trajectory,,localized,,,26.340869022,4.720504445,1764590879.366635561
trajectory,,localized,,,26.346600989,4.775468726,1764590879.670376539
trajectory,,localized,,,26.296838625,4.831155182,1764590879.974137545
trajectory,,localized,,,26.251223236,4.857597855,1764590880.287048101
trajectory,,localized,,,26.228015472,4.861543205,1764590880.590917826
trajectory,,localized,,,26.228166089,4.854736935,1764590880.894733429
trajectory,,localized,,,26.225239587,4.852346252,1764590881.206376076
trajectory,,localized,,,26.231338447,4.855166602,1764590881.510114670
trajectory,,localized,,,26.231201357,4.856023431,1764590881.813816309
trajectory,,localized,,,26.229535012,4.855834221,1764590882.125363111
trajectory,,localized,,,26.231856622,4.857293494,1764590882.429218054
trajectory,,localized,,,26.230650450,4.857859013,1764590882.733057976
trajectory,,localized,,,26.235069932,4.860076111,1764590883.036893129
trajectory,,localized,,,26.232626660,4.856474774,1764590883.348102808
trajectory,,localized,,,26.231810183,4.854200838,1764590883.651942730
trajectory,,localized,,,26.233245203,4.856803548,1764590883.955782890
trajectory,,localized,,,26.231896812,4.854079658,1764590884.267010927
trajectory,,localized,,,26.233456574,4.856819918,1764590884.570850611
trajectory,,localized,,,26.233947380,4.856741718,1764590884.874690771
trajectory,,localized,,,26.234191532,4.859001071,1764590885.186407089
trajectory,,localized,,,26.234782507,4.856570698,1764590885.490257978
trajectory,,localized,,,26.234360560,4.854234213,1764590885.794098139
trajectory,,localized,,,26.233649864,4.856998930,1764590886.097938061
trajectory,,localized,,,26.233968986,4.858929409,1764590886.409643173
trajectory,,localized,,,26.234782492,4.858162910,1764590886.713483095
trajectory,,localized,,,26.230897542,4.857956870,1764590887.017323256
trajectory,,localized,,,26.229732837,4.856732505,1764590887.329006433
trajectory,,localized,,,26.233700615,4.854316235,1764590887.632846594
trajectory,,localized,,,26.234615786,4.856944542,1764590887.936686516
trajectory,,localized,,,26.234350704,4.855690911,1764590888.246276617
trajectory,,localized,,,26.232469063,4.858902731,1764590888.550013065
trajectory,,localized,,,26.235327487,4.857571751,1764590888.853754282
trajectory,,localized,,,26.235981658,4.859203662,1764590889.165686846
trajectory,,localized,,,26.234443417,4.856213527,1764590889.471591234
trajectory,,localized,,,26.229905471,4.857720851,1764590889.775431395
trajectory,,localized,,,26.233715476,4.857760467,1764590890.079271317
trajectory,,localized,,,26.233900251,4.858224286,1764590890.389746666
trajectory,,localized,,,26.234295681,4.857029692,1764590890.693507671
trajectory,,localized,,,26.238313903,4.857735886,1764590890.997248650
trajectory,,localized,,,26.232217129,4.856541952,1764590891.310320616
trajectory,,localized,,,26.237372519,4.857356543,1764590891.614175320
trajectory,,localized,,,26.233478621,4.856128019,1764590891.918015480
trajectory,,localized,,,26.230627649,4.855768962,1764590892.229098797
trajectory,,localized,,,26.233654808,4.854581179,1764590892.533537626
trajectory,,localized,,,26.233725550,4.856424229,1764590892.837377787
trajectory,,localized,,,26.236326815,4.856842267,1764590893.148444176
trajectory,,localized,,,26.236161995,4.859327152,1764590893.451376200
trajectory,,localized,,,26.233787891,4.856242457,1764590893.755097389
trajectory,,localized,,,26.232991210,4.854764230,1764590894.059684515
trajectory,,localized,,,26.234534652,4.858094907,1764590894.370945692
trajectory,,localized,,,26.230770680,4.857960500,1764590894.675122261
trajectory,,localized,,,26.235547491,4.856228769,1764590894.978650331
trajectory,,localized,,,26.233664504,4.859042729,1764590895.290207386
trajectory,,localized,,,26.236535973,4.857325664,1764590895.594062328
trajectory,,localized,,,26.234849816,4.856222394,1764590895.897902250
trajectory,,localized,,,26.233527727,4.859857622,1764590896.209561586
trajectory,,localized,,,26.234036468,4.856180763,1764590896.513401508
trajectory,,localized,,,26.234453726,4.857866125,1764590896.817122698
trajectory,,localized,,,26.230221870,4.855816152,1764590897.128459215
trajectory,,localized,,,26.233772046,4.857028403,1764590897.432300091
trajectory,,localized,,,26.235750743,4.855513535,1764590897.736140251
trajectory,,localized,,,26.236212446,4.857777574,1764590898.039980173
trajectory,,localized,,,26.232170824,4.857183422,1764590898.351640463
trajectory,,localized,,,26.236490654,4.858092123,1764590898.655480623
trajectory,,localized,,,26.238405218,4.858732546,1764590898.959320784
trajectory,,localized,,,26.235875413,4.856620973,1764590899.269179583
trajectory,,localized,,,26.218373950,4.855910662,1764590899.572940111
trajectory,,localized,,,26.191546686,4.725379910,1764590899.876720905
trajectory,,localized,,,26.254959172,4.485433260,1764590900.188675165
trajectory,,localized,,,26.267874169,4.223187672,1764590900.494173288
trajectory,,localized,,,26.138611854,3.937189694,1764590900.798013449
trajectory,,localized,,,25.994435567,3.615500947,1764590901.101853371
trajectory,,localized,,,25.854226654,3.305674797,1764590901.412655830
trajectory,,localized,,,25.694542268,3.001889369,1764590901.717346191
trajectory,,localized,,,25.492730021,2.644182294,1764590902.020493984
trajectory,,localized,,,25.308738019,2.322269475,1764590902.332868576
trajectory,,localized,,,25.130611781,2.011269585,1764590902.636708498
trajectory,,localized,,,24.913388738,1.721173111,1764590902.940548420
trajectory,,localized,,,24.675982961,1.368010478,1764590903.252247095
trajectory,,localized,,,24.520609599,1.035710850,1764590903.556087255
trajectory,,localized,,,24.364569086,0.716740998,1764590903.859907389
trajectory,,localized,,,24.199725478,0.346460937,1764590904.170281172
trajectory,,localized,,,24.071063953,-0.061147400,1764590904.475048542
trajectory,,localized,,,24.022572555,-0.432600156,1764590904.778888702
trajectory,,localized,,,23.984645937,-0.773490859,1764590905.082728624
trajectory,,localized,,,23.955346689,-1.183330257,1764590905.393541813
trajectory,,localized,,,23.981734792,-1.569222137,1764590905.697243452
trajectory,,localized,,,24.025611106,-1.904798161,1764590906.000727415
trajectory,,localized,,,24.034568384,-2.247449606,1764590906.312849998
trajectory,,localized,,,24.000598320,-2.646389671,1764590906.616694689
trajectory,,localized,,,23.959271983,-3.019235837,1764590906.920534611
trajectory,,localized,,,23.875668299,-3.383668720,1764590907.231838226
trajectory,,localized,,,23.774121638,-3.747027117,1764590907.535629034
trajectory,,localized,,,23.646769823,-4.072063573,1764590907.839350224
trajectory,,localized,,,23.493317029,-4.312599046,1764590908.151297331
trajectory,,localized,,,23.319813927,-4.481349752,1764590908.455340385
trajectory,,localized,,,23.093739484,-4.616752000,1764590908.759180546
trajectory,,localized,,,22.865796423,-4.716415471,1764590909.063020468
trajectory,,localized,,,22.683640288,-4.803231282,1764590909.374699831
trajectory,,localized,,,22.523314258,-4.874223013,1764590909.678520203
trajectory,,localized,,,22.454712845,-4.902530397,1764590909.982221842
trajectory,,localized,,,22.433146855,-4.921636925,1764590910.294044018
trajectory,,localized,,,22.415687253,-4.897120819,1764590910.597898960
trajectory,,localized,,,22.394785966,-4.894620318,1764590910.901739120
trajectory,,localized,,,22.395331929,-4.894978776,1764590911.213412523
trajectory,,localized,,,22.399668044,-4.896744690,1764590911.517262220
trajectory,,localized,,,22.393485476,-4.876599621,1764590911.821102142
trajectory,,localized,,,22.394528330,-4.882875903,1764590912.132808685
trajectory,,localized,,,22.393092049,-4.884139631,1764590912.436651230
trajectory,,localized,,,22.394408837,-4.881626484,1764590912.740486383
trajectory,,localized,,,22.394187300,-4.883311317,1764590913.044331074
trajectory,,localized,,,22.398343904,-4.886066728,1764590913.356059551
trajectory,,localized,,,22.393031131,-4.884782023,1764590913.659899473
trajectory,,localized,,,22.394806736,-4.882515546,1764590913.963739634
trajectory,,localized,,,22.398607438,-4.885840279,1764590914.275424004
trajectory,,localized,,,22.394331986,-4.883761805,1764590914.579263926
trajectory,,localized,,,22.394424347,-4.885921318,1764590914.883103848
trajectory,,localized,,,22.394419467,-4.885056268,1764590915.194333076
trajectory,,localized,,,22.397021498,-4.887378153,1764590915.498184681
trajectory,,localized,,,22.396700632,-4.884925716,1764590915.802024603
trajectory,,localized,,,22.396298821,-4.883640494,1764590916.105864525
trajectory,,localized,,,22.393335554,-4.887123437,1764590916.417544603
trajectory,,localized,,,22.395753625,-4.884013079,1764590916.721384525
trajectory,,localized,,,22.397079565,-4.884604830,1764590917.023562670
trajectory,,localized,,,22.395221850,-4.887517059,1764590917.336882830
trajectory,,localized,,,22.396692835,-4.883512669,1764590917.640722752
trajectory,,localized,,,22.393802264,-4.884628741,1764590917.944562912
trajectory,,localized,,,22.395130236,-4.886998235,1764590918.254614353
trajectory,,localized,,,22.396127417,-4.886315113,1764590918.558360100
trajectory,,localized,,,22.395407727,-4.885749905,1764590918.862121105
trajectory,,localized,,,22.396486058,-4.886717703,1764590919.174138308
trajectory,,localized,,,22.394346348,-4.885898983,1764590919.479443550
trajectory,,localized,,,22.397272274,-4.884038720,1764590919.783283710
trajectory,,localized,,,22.396045294,-4.886121269,1764590920.087123632
trajectory,,localized,,,22.393665564,-4.884952795,1764590920.398129702
trajectory,,localized,,,22.394944633,-4.882799310,1764590920.701836348
trajectory,,localized,,,22.395827893,-4.884094140,1764590921.005577326
trajectory,,localized,,,22.394797207,-4.881764474,1764590921.318191290
trajectory,,localized,,,22.394325199,-4.882232200,1764590921.622031212
trajectory,,localized,,,22.392939971,-4.883413758,1764590921.925871372
trajectory,,localized,,,22.397528096,-4.882452358,1764590922.236699820
trajectory,,localized,,,22.392747076,-4.881256069,1764590922.540426016
trajectory,,localized,,,22.395640946,-4.880759514,1764590922.845250607
trajectory,,localized,,,22.392413770,-4.878990144,1764590923.157266378
trajectory,,localized,,,22.394257044,-4.879891833,1764590923.461278677
trajectory,,localized,,,22.392588647,-4.878485821,1764590923.765118837
trajectory,,localized,,,22.394186365,-4.879868485,1764590924.068958521
trajectory,,localized,,,22.393672879,-4.881221068,1764590924.381120920
trajectory,,localized,,,22.394349515,-4.878990220,1764590924.684960842
trajectory,,localized,,,22.392728436,-4.878509491,1764590924.988801003
trajectory,,localized,,,22.392628554,-4.880263809,1764590925.300503254
trajectory,,localized,,,22.394569949,-4.879562642,1764590925.604343414
trajectory,,localized,,,22.392118175,-4.880884838,1764590925.908178329
trajectory,,localized,,,22.389744691,-4.880088217,1764590926.219870090
trajectory,,localized,,,22.392266756,-4.881286466,1764590926.523725033
trajectory,,localized,,,22.395383366,-4.879150746,1764590926.827564955
trajectory,,localized,,,22.393263314,-4.879834526,1764590927.137102604
trajectory,,localized,,,22.390582216,-4.882386754,1764590927.443087339
trajectory,,localized,,,22.379351079,-4.884548484,1764590927.746927261
trajectory,,localized,,,22.390051931,-4.939835850,1764590928.050767183
trajectory,,localized,,,22.360605330,-5.015987872,1764590928.360668659
trajectory,,localized,,,22.272606047,-5.033540616,1764590928.664449215
trajectory,,localized,,,22.094167468,-4.967749795,1764590928.968209982
trajectory,,localized,,,21.833864009,-4.839596439,1764590929.282291174
trajectory,,localized,,,21.549286454,-4.759727701,1764590929.586130857
trajectory,,localized,,,21.242661672,-4.662353995,1764590929.889970779
trajectory,,localized,,,20.873322833,-4.532952462,1764590930.202137947
trajectory,,localized,,,20.441972621,-4.406974826,1764590930.505986452
trajectory,,localized,,,20.047586797,-4.341919145,1764590930.809831381
trajectory,,localized,,,19.676314606,-4.254928573,1764590931.121974230
trajectory,,localized,,,19.219478194,-4.154204028,1764590931.425632477
trajectory,,localized,,,18.779339779,-4.072357570,1764590931.729551554
trajectory,,localized,,,18.403447067,-3.982756406,1764590932.033475637
trajectory,,localized,,,18.005332938,-3.873837919,1764590932.345648050
trajectory,,localized,,,17.537236461,-3.763414840,1764590932.649487972
trajectory,,localized,,,17.125675763,-3.726852120,1764590932.953328133
trajectory,,localized,,,16.734120768,-3.671036234,1764590933.265470743
trajectory,,localized,,,16.262196398,-3.631334387,1764590933.569325686
trajectory,,localized,,,15.817842696,-3.627292373,1764590933.873165607
trajectory,,localized,,,15.433738438,-3.636542425,1764590934.185312986
trajectory,,localized,,,15.032230299,-3.625126843,1764590934.489166498
trajectory,,localized,,,14.560396750,-3.615726863,1764590934.793006420
trajectory,,localized,,,14.139159916,-3.692297896,1764590935.096841812
trajectory,,localized,,,13.747743994,-3.738283770,1764590935.408769369
trajectory,,localized,,,13.308020205,-3.793203431,1764590935.712609529
trajectory,,localized,,,12.876388683,-3.896695830,1764590936.014906168
trajectory,,localized,,,12.509230221,-4.049048516,1764590936.327935457
trajectory,,localized,,,12.136477663,-4.184020973,1764590936.631033421
trajectory,,localized,,,11.713282501,-4.308093650,1764590936.934813976
trajectory,,localized,,,11.376226307,-4.476336161,1764590937.245867968
trajectory,,localized,,,11.052123603,-4.656274853,1764590937.549599171
trajectory,,localized,,,10.679669575,-4.821123317,1764590937.853359938
trajectory,,localized,,,10.286141656,-5.008128838,1764590938.163839340
trajectory,,localized,,,9.936418513,-5.238378127,1764590938.470488310
trajectory,,localized,,,9.582350020,-5.439731330,1764590938.774377823
trajectory,,localized,,,9.157390149,-5.642573764,1764590939.078227520
trajectory,,localized,,,8.783585015,-5.891713142,1764590939.389316559
trajectory,,localized,,,8.465394994,-6.130268612,1764590939.693136692
trajectory,,localized,,,8.103452396,-6.334737257,1764590939.996877670
trajectory,,localized,,,7.692808988,-6.584059077,1764590940.309728861
trajectory,,localized,,,7.351005128,-6.830139775,1764590940.613583565
trajectory,,localized,,,7.027230319,-7.014128955,1764590940.917423248
trajectory,,localized,,,6.619134979,-7.149112477,1764590941.229501247
trajectory,,localized,,,6.214995025,-7.239230356,1764590941.533370972
trajectory,,localized,,,5.841879238,-7.240915801,1764590941.837136984
trajectory,,localized,,,5.479281376,-7.141345757,1764590942.149183512
trajectory,,localized,,,5.100736526,-6.956726635,1764590942.453153372
trajectory,,localized,,,4.794701684,-6.765765119,1764590942.757003069
trajectory,,localized,,,4.557219135,-6.531752732,1764590943.060843229
trajectory,,localized,,,4.344476532,-6.213337956,1764590943.373003960
trajectory,,localized,,,4.126311212,-5.873065973,1764590943.676843882
trajectory,,localized,,,3.925165831,-5.558984862,1764590943.980684042
trajectory,,localized,,,3.739693408,-5.253646390,1764590944.291789532
trajectory,,localized,,,3.532660767,-4.839501513,1764590944.595451593
trajectory,,localized,,,3.307983037,-4.488619196,1764590944.899207354
trajectory,,localized,,,3.144005305,-4.158001144,1764590945.212364912
trajectory,,localized,,,2.976408651,-3.813720127,1764590945.516619921
trajectory,,localized,,,2.802224681,-3.442974832,1764590945.820445538
trajectory,,localized,,,2.621656933,-3.161514106,1764590946.132655621
trajectory,,localized,,,2.472527182,-2.864830068,1764590946.434743881
trajectory,,localized,,,2.309676551,-2.526229049,1764590946.738564014
trajectory,,localized,,,2.101749936,-2.163273529,1764590947.041122913
trajectory,,localized,,,1.915269206,-1.840092970,1764590947.356283188
trajectory,,localized,,,1.759597202,-1.521038688,1764590947.660083532
trajectory,,localized,,,1.562770465,-1.174782137,1764590947.963839531
trajectory,,localized,,,1.361168298,-0.883277034,1764590948.274561167
trajectory,,localized,,,1.164794965,-0.612060265,1764590948.578312159
trajectory,,localized,,,0.974313214,-0.361035636,1764590948.881963968
trajectory,,localized,,,0.758804607,-0.031318529,1764590949.194171429
trajectory,,localized,,,0.540684054,0.231528493,1764590949.498810530
trajectory,,localized,,,0.334441597,0.480738707,1764590949.802650452
trajectory,,localized,,,0.139167374,0.709365061,1764590950.106490612
trajectory,,localized,,,-0.126861796,0.991793691,1764590950.418177366
trajectory,,localized,,,-0.428686554,1.169136345,1764590950.721344948
trajectory,,localized,,,-0.708611448,1.122990661,1764590951.025105715
trajectory,,localized,,,-0.868898542,0.902786666,1764590951.338090658
trajectory,,localized,,,-0.744889501,0.647750310,1764590951.641930580
trajectory,,localized,,,-0.523479270,0.606720721,1764590951.945765972
trajectory,,localized,,,-0.396095016,0.650475457,1764590952.257953167
trajectory,,localized,,,-0.333754750,0.633733760,1764590952.561798573
trajectory,,localized,,,-0.312197296,0.496367277,1764590952.865638494
trajectory,,localized,,,-0.267490357,0.314312888,1764590953.177803755
trajectory,,localized,,,-0.159143684,0.199966477,1764590953.481338739
trajectory,,localized,,,-0.028397315,0.116381167,1764590953.785064697
trajectory,,localized,,,0.030238248,0.083030952,1764590954.088647604
trajectory,,localized,,,0.000932643,0.067906821,1764590954.401502132
trajectory,,localized,,,-0.005721664,0.085127812,1764590954.705342054
trajectory,,localized,,,-0.016011586,0.052678042,1764590955.009182215
trajectory,,localized,,,-0.013910263,0.025020528,1764590955.319218159
trajectory,,localized,,,-0.012849861,0.024749500,1764590955.622885227
trajectory,,localized,,,-0.018005775,0.023047658,1764590955.926710367
trajectory,,localized,,,-0.010635071,0.028631946,1764590956.241193771
trajectory,,localized,,,-0.007469188,0.029441906,1764590956.545048714
trajectory,,localized,,,-0.005306558,0.033633752,1764590956.848883867
trajectory,,localized,,,-0.007956187,0.033577080,1764590957.161043406
trajectory,,localized,,,-0.007771692,0.030603616,1764590957.463623285
trajectory,,localized,,,-0.005079414,0.031484874,1764590957.767364264
trajectory,,localized,,,-0.006977065,0.032751901,1764590958.071184635
trajectory,,localized,,,-0.006879361,0.032393440,1764590958.384646893
trajectory,,localized,,,-0.008913442,0.034874078,1764590958.688541412
trajectory,,localized,,,-0.008603490,0.035640271,1764590958.992386103
trajectory,,localized,,,-0.010245780,0.033871755,1764590959.303855419
trajectory,,localized,,,-0.009473490,0.032546655,1764590959.607917786
trajectory,,localized,,,-0.005211525,0.029523143,1764590959.911762476
trajectory,,localized,,,-0.006146544,0.032050041,1764590960.221495152
trajectory,,localized,,,-0.004864652,0.032526290,1764590960.525206566
trajectory,,localized,,,-0.005206995,0.035290761,1764590960.831104279
trajectory,,localized,,,-0.005334127,0.034007858,1764590961.141050100
trajectory,,localized,,,-0.006541433,0.032570769,1764590961.446648836
trajectory,,localized,,,-0.009921182,0.031314365,1764590961.750488758
trajectory,,localized,,,-0.005169957,0.033305339,1764590962.054328680
trajectory,,localized,,,-0.007487709,0.035546646,1764590962.366509199
trajectory,,localized,,,-0.004798254,0.030080338,1764590962.670274973
trajectory,,localized,,,-0.006819514,0.032085611,1764590962.974149704
trajectory,,localized,,,-0.006570357,0.034695363,1764590963.286367416
trajectory,,localized,,,-0.006982022,0.032968897,1764590963.590212584
trajectory,,localized,,,-0.006981075,0.034559195,1764590963.894057274
trajectory,,localized,,,-0.008001198,0.032581056,1764590964.206133366
trajectory,,localized,,,-0.007527474,0.031857321,1764590964.508267164
trajectory,,localized,,,-0.008471126,0.030945577,1764590964.811919212
trajectory,,localized,,,-0.007252566,0.033177860,1764590965.115917683
trajectory,,localized,,,-0.006379125,0.030438375,1764590965.429725885
trajectory,,localized,,,-0.004596998,0.035220611,1764590965.733649969
trajectory,,localized,,,-0.008981213,0.032692216,1764590966.037465334
trajectory,,localized,,,-0.005607536,0.031819509,1764590966.348870516
trajectory,,localized,,,-0.008500090,0.034237224,1764590966.652631283
trajectory,,localized,,,-0.009154965,0.030884415,1764590966.956392288
trajectory_error,,xy_error,error_m,0.065716821,,,
trajectory_error,,xy_error,error_m,0.030449047,,,
trajectory_error,,xy_error,error_m,0.022553767,,,
trajectory_error,,xy_error,error_m,0.002952719,,,
trajectory_error,,xy_error,error_m,0.013013512,,,
trajectory_error,,xy_error,error_m,0.029981891,,,
trajectory_error,,xy_error,error_m,0.027933259,,,
trajectory_error,,xy_error,error_m,0.033353854,,,
trajectory_error,,xy_error,error_m,0.048020988,,,
trajectory_error,,xy_error,error_m,0.050367633,,,
trajectory_error,,xy_error,error_m,0.082007094,,,
trajectory_error,,xy_error,error_m,0.073322591,,,
trajectory_error,,xy_error,error_m,0.098474340,,,
trajectory_error,,xy_error,error_m,0.081570038,,,
trajectory_error,,xy_error,error_m,0.083146664,,,
trajectory_error,,xy_error,error_m,0.129674477,,,
trajectory_error,,xy_error,error_m,0.085139718,,,
trajectory_error,,xy_error,error_m,0.128745803,,,
trajectory_error,,xy_error,error_m,0.119177072,,,
trajectory_error,,xy_error,error_m,0.128292241,,,
trajectory_error,,xy_error,error_m,0.154748058,,,
trajectory_error,,xy_error,error_m,0.135303294,,,
trajectory_error,,xy_error,error_m,0.125113200,,,
trajectory_error,,xy_error,error_m,0.149136451,,,
trajectory_error,,xy_error,error_m,0.120965343,,,
trajectory_error,,xy_error,error_m,0.148347158,,,
trajectory_error,,xy_error,error_m,0.173930406,,,
trajectory_error,,xy_error,error_m,0.151494845,,,
trajectory_error,,xy_error,error_m,0.152438211,,,
trajectory_error,,xy_error,error_m,0.153008114,,,
trajectory_error,,xy_error,error_m,0.137665225,,,
trajectory_error,,xy_error,error_m,0.153425731,,,
trajectory_error,,xy_error,error_m,0.153842222,,,
trajectory_error,,xy_error,error_m,0.128667861,,,
trajectory_error,,xy_error,error_m,0.165756453,,,
trajectory_error,,xy_error,error_m,0.130323930,,,
trajectory_error,,xy_error,error_m,0.136571151,,,
trajectory_error,,xy_error,error_m,0.163269944,,,
trajectory_error,,xy_error,error_m,0.135993425,,,
trajectory_error,,xy_error,error_m,0.144202723,,,
trajectory_error,,xy_error,error_m,0.157656019,,,
trajectory_error,,xy_error,error_m,0.129569051,,,
trajectory_error,,xy_error,error_m,0.149682984,,,
trajectory_error,,xy_error,error_m,0.121172324,,,
trajectory_error,,xy_error,error_m,0.116415461,,,
trajectory_error,,xy_error,error_m,0.140791319,,,
trajectory_error,,xy_error,error_m,0.114305749,,,
trajectory_error,,xy_error,error_m,0.135477115,,,
trajectory_error,,xy_error,error_m,0.130634288,,,
trajectory_error,,xy_error,error_m,0.109444921,,,
trajectory_error,,xy_error,error_m,0.152221115,,,
trajectory_error,,xy_error,error_m,0.090440276,,,
trajectory_error,,xy_error,error_m,0.084450426,,,
trajectory_error,,xy_error,error_m,0.108719787,,,
trajectory_error,,xy_error,error_m,0.063605628,,,
trajectory_error,,xy_error,error_m,0.054092837,,,
trajectory_error,,xy_error,error_m,0.086348861,,,
trajectory_error,,xy_error,error_m,0.052184727,,,
trajectory_error,,xy_error,error_m,0.024822210,,,
trajectory_error,,xy_error,error_m,0.008151445,,,
trajectory_error,,xy_error,error_m,0.019671067,,,
trajectory_error,,xy_error,error_m,0.083985264,,,
trajectory_error,,xy_error,error_m,0.092472155,,,
trajectory_error,,xy_error,error_m,0.066440346,,,
trajectory_error,,xy_error,error_m,0.036034722,,,
trajectory_error,,xy_error,error_m,0.055540882,,,
trajectory_error,,xy_error,error_m,0.077052891,,,
trajectory_error,,xy_error,error_m,0.112591482,,,
trajectory_error,,xy_error,error_m,0.139225563,,,
trajectory_error,,xy_error,error_m,0.086089550,,,
trajectory_error,,xy_error,error_m,0.136739363,,,
trajectory_error,,xy_error,error_m,0.181521020,,,
trajectory_error,,xy_error,error_m,0.140871369,,,
trajectory_error,,xy_error,error_m,0.111148383,,,
trajectory_error,,xy_error,error_m,0.122828106,,,
trajectory_error,,xy_error,error_m,0.081160175,,,
trajectory_error,,xy_error,error_m,0.132331788,,,
trajectory_error,,xy_error,error_m,0.087630179,,,
trajectory_error,,xy_error,error_m,0.093820806,,,
trajectory_error,,xy_error,error_m,0.120098492,,,
trajectory_error,,xy_error,error_m,0.072226502,,,
trajectory_error,,xy_error,error_m,0.102778839,,,
trajectory_error,,xy_error,error_m,0.066040064,,,
trajectory_error,,xy_error,error_m,0.089003589,,,
trajectory_error,,xy_error,error_m,0.102830772,,,
trajectory_error,,xy_error,error_m,0.077086769,,,
trajectory_error,,xy_error,error_m,0.082407608,,,
trajectory_error,,xy_error,error_m,0.072950006,,,
trajectory_error,,xy_error,error_m,0.042914984,,,
trajectory_error,,xy_error,error_m,0.079502444,,,
trajectory_error,,xy_error,error_m,0.067980816,,,
trajectory_error,,xy_error,error_m,0.087533417,,,
trajectory_error,,xy_error,error_m,0.078849534,,,
trajectory_error,,xy_error,error_m,0.088080756,,,
trajectory_error,,xy_error,error_m,0.095874085,,,
trajectory_error,,xy_error,error_m,0.066661502,,,
trajectory_error,,xy_error,error_m,0.078383663,,,
trajectory_error,,xy_error,error_m,0.067262374,,,
trajectory_error,,xy_error,error_m,0.077354124,,,
trajectory_error,,xy_error,error_m,0.093987373,,,
trajectory_error,,xy_error,error_m,0.082365409,,,
trajectory_error,,xy_error,error_m,0.116277568,,,
trajectory_error,,xy_error,error_m,0.118138480,,,
trajectory_error,,xy_error,error_m,0.109853725,,,
trajectory_error,,xy_error,error_m,0.135951192,,,
trajectory_error,,xy_error,error_m,0.130065144,,,
trajectory_error,,xy_error,error_m,0.133938178,,,
trajectory_error,,xy_error,error_m,0.152835012,,,
trajectory_error,,xy_error,error_m,0.137676310,,,
trajectory_error,,xy_error,error_m,0.148680968,,,
trajectory_error,,xy_error,error_m,0.165751361,,,
trajectory_error,,xy_error,error_m,0.139800052,,,
trajectory_error,,xy_error,error_m,0.140892128,,,
trajectory_error,,xy_error,error_m,0.134089131,,,
trajectory_error,,xy_error,error_m,0.094348251,,,
trajectory_error,,xy_error,error_m,0.113354758,,,
trajectory_error,,xy_error,error_m,0.064131529,,,
trajectory_error,,xy_error,error_m,0.058127192,,,
trajectory_error,,xy_error,error_m,0.041049128,,,
trajectory_error,,xy_error,error_m,0.059967817,,,
trajectory_error,,xy_error,error_m,0.105799662,,,
trajectory_error,,xy_error,error_m,0.086109725,,,
trajectory_error,,xy_error,error_m,0.011587297,,,
trajectory_error,,xy_error,error_m,0.020082050,,,
trajectory_error,,xy_error,error_m,0.010952197,,,
trajectory_error,,xy_error,error_m,0.055397093,,,
trajectory_error,,xy_error,error_m,0.019459595,,,
trajectory_error,,xy_error,error_m,0.043773507,,,
trajectory_error,,xy_error,error_m,0.061466489,,,
trajectory_error,,xy_error,error_m,0.035917462,,,
trajectory_error,,xy_error,error_m,0.088573955,,,
trajectory_error,,xy_error,error_m,0.027292652,,,
trajectory_error,,xy_error,error_m,0.038554649,,,
trajectory_error,,xy_error,error_m,0.053434498,,,
trajectory_error,,xy_error,error_m,0.026064699,,,
trajectory_error,,xy_error,error_m,0.055244804,,,
trajectory_error,,xy_error,error_m,0.032142724,,,
trajectory_error,,xy_error,error_m,0.054331725,,,
trajectory_error,,xy_error,error_m,0.059839949,,,
trajectory_error,,xy_error,error_m,0.038561457,,,
trajectory_error,,xy_error,error_m,0.094197488,,,
trajectory_error,,xy_error,error_m,0.046632151,,,
trajectory_error,,xy_error,error_m,0.052352278,,,
trajectory_error,,xy_error,error_m,0.087444449,,,
trajectory_error,,xy_error,error_m,0.062126412,,,
trajectory_error,,xy_error,error_m,0.088983909,,,
trajectory_error,,xy_error,error_m,0.053086994,,,
trajectory_error,,xy_error,error_m,0.055328515,,,
trajectory_error,,xy_error,error_m,0.080502992,,,
trajectory_error,,xy_error,error_m,0.041421811,,,
trajectory_error,,xy_error,error_m,0.080858495,,,
trajectory_error,,xy_error,error_m,0.069358720,,,
trajectory_error,,xy_error,error_m,0.061395997,,,
trajectory_error,,xy_error,error_m,0.093982549,,,
trajectory_error,,xy_error,error_m,0.053950644,,,
trajectory_error,,xy_error,error_m,0.087230840,,,
trajectory_error,,xy_error,error_m,0.079031357,,,
trajectory_error,,xy_error,error_m,0.090255648,,,
trajectory_error,,xy_error,error_m,0.101205409,,,
trajectory_error,,xy_error,error_m,0.072775118,,,
trajectory_error,,xy_error,error_m,0.104230458,,,
trajectory_error,,xy_error,error_m,0.115818976,,,
trajectory_error,,xy_error,error_m,0.117370688,,,
trajectory_error,,xy_error,error_m,0.147999909,,,
trajectory_error,,xy_error,error_m,0.121135547,,,
trajectory_error,,xy_error,error_m,0.123335274,,,
trajectory_error,,xy_error,error_m,0.144820483,,,
trajectory_error,,xy_error,error_m,0.126367151,,,
trajectory_error,,xy_error,error_m,0.152724987,,,
trajectory_error,,xy_error,error_m,0.142279119,,,
trajectory_error,,xy_error,error_m,0.145397878,,,
trajectory_error,,xy_error,error_m,0.185095765,,,
trajectory_error,,xy_error,error_m,0.159544678,,,
trajectory_error,,xy_error,error_m,0.159772041,,,
trajectory_error,,xy_error,error_m,0.210256864,,,
trajectory_error,,xy_error,error_m,0.205766260,,,
trajectory_error,,xy_error,error_m,0.210123164,,,
trajectory_error,,xy_error,error_m,0.244721174,,,
trajectory_error,,xy_error,error_m,0.218372703,,,
trajectory_error,,xy_error,error_m,0.236760601,,,
trajectory_error,,xy_error,error_m,0.248793311,,,
trajectory_error,,xy_error,error_m,0.226202176,,,
trajectory_error,,xy_error,error_m,0.275974302,,,
trajectory_error,,xy_error,error_m,0.244237667,,,
trajectory_error,,xy_error,error_m,0.245416441,,,
trajectory_error,,xy_error,error_m,0.274787976,,,
trajectory_error,,xy_error,error_m,0.247594836,,,
trajectory_error,,xy_error,error_m,0.274134174,,,
trajectory_error,,xy_error,error_m,0.258460973,,,
trajectory_error,,xy_error,error_m,0.237572832,,,
trajectory_error,,xy_error,error_m,0.274678656,,,
trajectory_error,,xy_error,error_m,0.254641010,,,
trajectory_error,,xy_error,error_m,0.264250214,,,
trajectory_error,,xy_error,error_m,0.255354111,,,
trajectory_error,,xy_error,error_m,0.238909037,,,
trajectory_error,,xy_error,error_m,0.280598585,,,
trajectory_error,,xy_error,error_m,0.266023890,,,
trajectory_error,,xy_error,error_m,0.247645775,,,
trajectory_error,,xy_error,error_m,0.276803353,,,
trajectory_error,,xy_error,error_m,0.265736739,,,
trajectory_error,,xy_error,error_m,0.249621627,,,
trajectory_error,,xy_error,error_m,0.270235003,,,
trajectory_error,,xy_error,error_m,0.266124230,,,
trajectory_error,,xy_error,error_m,0.270731165,,,
trajectory_error,,xy_error,error_m,0.268237252,,,
trajectory_error,,xy_error,error_m,0.257807138,,,
trajectory_error,,xy_error,error_m,0.271965645,,,
trajectory_error,,xy_error,error_m,0.235622635,,,
trajectory_error,,xy_error,error_m,0.236163438,,,
trajectory_error,,xy_error,error_m,0.230973577,,,
trajectory_error,,xy_error,error_m,0.202618850,,,
trajectory_error,,xy_error,error_m,0.198414633,,,
trajectory_error,,xy_error,error_m,0.186461347,,,
trajectory_error,,xy_error,error_m,0.144709963,,,
trajectory_error,,xy_error,error_m,0.137014677,,,
trajectory_error,,xy_error,error_m,0.113461635,,,
trajectory_error,,xy_error,error_m,0.126891214,,,
trajectory_error,,xy_error,error_m,0.128250348,,,
trajectory_error,,xy_error,error_m,0.114632260,,,
trajectory_error,,xy_error,error_m,0.133775011,,,
trajectory_error,,xy_error,error_m,0.123451096,,,
trajectory_error,,xy_error,error_m,0.105280511,,,
trajectory_error,,xy_error,error_m,0.131771780,,,
trajectory_error,,xy_error,error_m,0.104891213,,,
trajectory_error,,xy_error,error_m,0.116869028,,,
trajectory_error,,xy_error,error_m,0.116907165,,,
trajectory_error,,xy_error,error_m,0.098389764,,,
trajectory_error,,xy_error,error_m,0.117272846,,,
trajectory_error,,xy_error,error_m,0.111267093,,,
trajectory_error,,xy_error,error_m,0.108586044,,,
trajectory_error,,xy_error,error_m,0.113511705,,,
trajectory_error,,xy_error,error_m,0.113081354,,,
trajectory_error,,xy_error,error_m,0.121648148,,,
trajectory_error,,xy_error,error_m,0.120171230,,,
trajectory_error,,xy_error,error_m,0.089993176,,,
trajectory_error,,xy_error,error_m,0.116960776,,,
trajectory_error,,xy_error,error_m,0.105717073,,,
trajectory_error,,xy_error,error_m,0.131972634,,,
trajectory_error,,xy_error,error_m,0.122950589,,,
trajectory_error,,xy_error,error_m,0.107514378,,,
trajectory_error,,xy_error,error_m,0.110903921,,,
trajectory_error,,xy_error,error_m,0.102583115,,,
trajectory_error,,xy_error,error_m,0.080549056,,,
trajectory_error,,xy_error,error_m,0.099783954,,,
trajectory_error,,xy_error,error_m,0.082566898,,,
trajectory_error,,xy_error,error_m,0.091867246,,,
trajectory_error,,xy_error,error_m,0.098783280,,,
trajectory_error,,xy_error,error_m,0.072709812,,,
trajectory_error,,xy_error,error_m,0.103250471,,,
trajectory_error,,xy_error,error_m,0.101484405,,,
trajectory_error,,xy_error,error_m,0.133250426,,,
trajectory_error,,xy_error,error_m,0.136083706,,,
trajectory_error,,xy_error,error_m,0.123473274,,,
trajectory_error,,xy_error,error_m,0.133727015,,,
trajectory_error,,xy_error,error_m,0.136597119,,,
trajectory_error,,xy_error,error_m,0.129490022,,,
trajectory_error,,xy_error,error_m,0.167959985,,,
trajectory_error,,xy_error,error_m,0.153679997,,,
trajectory_error,,xy_error,error_m,0.153470183,,,
trajectory_error,,xy_error,error_m,0.184611758,,,
trajectory_error,,xy_error,error_m,0.183625898,,,
trajectory_error,,xy_error,error_m,0.187547223,,,
trajectory_error,,xy_error,error_m,0.228300087,,,
trajectory_error,,xy_error,error_m,0.205131675,,,
trajectory_error,,xy_error,error_m,0.220030878,,,
trajectory_error,,xy_error,error_m,0.238965812,,,
trajectory_error,,xy_error,error_m,0.218450927,,,
trajectory_error,,xy_error,error_m,0.204299066,,,
trajectory_error,,xy_error,error_m,0.212583647,,,
trajectory_error,,xy_error,error_m,0.142255362,,,
trajectory_error,,xy_error,error_m,0.106812533,,,
trajectory_error,,xy_error,error_m,0.054078851,,,
trajectory_error,,xy_error,error_m,0.046701487,,,
trajectory_error,,xy_error,error_m,0.063470024,,,
trajectory_error,,xy_error,error_m,0.077846978,,,
trajectory_error,,xy_error,error_m,0.123502013,,,
trajectory_error,,xy_error,error_m,0.152488073,,,
trajectory_error,,xy_error,error_m,0.176902698,,,
trajectory_error,,xy_error,error_m,0.208377766,,,
trajectory_error,,xy_error,error_m,0.253110794,,,
trajectory_error,,xy_error,error_m,0.255039632,,,
trajectory_error,,xy_error,error_m,0.259357545,,,
trajectory_error,,xy_error,error_m,0.275245495,,,
trajectory_error,,xy_error,error_m,0.299279194,,,
trajectory_error,,xy_error,error_m,0.276283333,,,
trajectory_error,,xy_error,error_m,0.289175701,,,
trajectory_error,,xy_error,error_m,0.292815200,,,
trajectory_error,,xy_error,error_m,0.274873668,,,
trajectory_error,,xy_error,error_m,0.298338805,,,
trajectory_error,,xy_error,error_m,0.269168612,,,
trajectory_error,,xy_error,error_m,0.294884756,,,
trajectory_error,,xy_error,error_m,0.311983977,,,
trajectory_error,,xy_error,error_m,0.280451897,,,
trajectory_error,,xy_error,error_m,0.296563092,,,
trajectory_error,,xy_error,error_m,0.268392320,,,
trajectory_error,,xy_error,error_m,0.269483043,,,
trajectory_error,,xy_error,error_m,0.203467938,,,
trajectory_error,,xy_error,error_m,0.201141325,,,
trajectory_error,,xy_error,error_m,0.188894612,,,
trajectory_error,,xy_error,error_m,0.234664768,,,
trajectory_error,,xy_error,error_m,0.277858722,,,
trajectory_error,,xy_error,error_m,0.321515340,,,
trajectory_error,,xy_error,error_m,0.340432270,,,
trajectory_error,,xy_error,error_m,0.320665955,,,
trajectory_error,,xy_error,error_m,0.310471141,,,
trajectory_error,,xy_error,error_m,0.321422967,,,
trajectory_error,,xy_error,error_m,0.315794768,,,
trajectory_error,,xy_error,error_m,0.336588624,,,
trajectory_error,,xy_error,error_m,0.315118208,,,
trajectory_error,,xy_error,error_m,0.325790894,,,
trajectory_error,,xy_error,error_m,0.339242716,,,
trajectory_error,,xy_error,error_m,0.328944903,,,
trajectory_error,,xy_error,error_m,0.317007904,,,
trajectory_error,,xy_error,error_m,0.324190381,,,
trajectory_error,,xy_error,error_m,0.314288899,,,
trajectory_error,,xy_error,error_m,0.304926151,,,
trajectory_error,,xy_error,error_m,0.298354061,,,
trajectory_error,,xy_error,error_m,0.286650772,,,
trajectory_error,,xy_error,error_m,0.307833617,,,
trajectory_error,,xy_error,error_m,0.293304422,,,
trajectory_error,,xy_error,error_m,0.287729010,,,
trajectory_error,,xy_error,error_m,0.272089170,,,
trajectory_error,,xy_error,error_m,0.243452165,,,
trajectory_error,,xy_error,error_m,0.236855269,,,
trajectory_error,,xy_error,error_m,0.234011426,,,
trajectory_error,,xy_error,error_m,0.215028367,,,
trajectory_error,,xy_error,error_m,0.213031571,,,
trajectory_error,,xy_error,error_m,0.197755199,,,
trajectory_error,,xy_error,error_m,0.183233043,,,
trajectory_error,,xy_error,error_m,0.150278934,,,
trajectory_error,,xy_error,error_m,0.175382700,,,
trajectory_error,,xy_error,error_m,0.195221876,,,
trajectory_error,,xy_error,error_m,0.212057485,,,
trajectory_error,,xy_error,error_m,0.288097540,,,
trajectory_error,,xy_error,error_m,0.281397044,,,
trajectory_error,,xy_error,error_m,0.288417637,,,
trajectory_error,,xy_error,error_m,0.306961141,,,
trajectory_error,,xy_error,error_m,0.298580774,,,
trajectory_error,,xy_error,error_m,0.341941286,,,
trajectory_error,,xy_error,error_m,0.309736821,,,
trajectory_error,,xy_error,error_m,0.311257814,,,
trajectory_error,,xy_error,error_m,0.349168574,,,
trajectory_error,,xy_error,error_m,0.322191682,,,
trajectory_error,,xy_error,error_m,0.342090796,,,
trajectory_error,,xy_error,error_m,0.333923585,,,
trajectory_error,,xy_error,error_m,0.325096509,,,
trajectory_error,,xy_error,error_m,0.337844276,,,
trajectory_error,,xy_error,error_m,0.345209776,,,
trajectory_error,,xy_error,error_m,0.313801719,,,
trajectory_error,,xy_error,error_m,0.314767022,,,
trajectory_error,,xy_error,error_m,0.317668618,,,
trajectory_error,,xy_error,error_m,0.287023777,,,
trajectory_error,,xy_error,error_m,0.327010624,,,
trajectory_error,,xy_error,error_m,0.315439674,,,
trajectory_error,,xy_error,error_m,0.303794828,,,
trajectory_error,,xy_error,error_m,0.342091842,,,
trajectory_error,,xy_error,error_m,0.312206613,,,
trajectory_error,,xy_error,error_m,0.319501431,,,
trajectory_error,,xy_error,error_m,0.334651496,,,
trajectory_error,,xy_error,error_m,0.308612931,,,
trajectory_error,,xy_error,error_m,0.307212508,,,
trajectory_error,,xy_error,error_m,0.319130982,,,
trajectory_error,,xy_error,error_m,0.288126301,,,
trajectory_error,,xy_error,error_m,0.294987642,,,
trajectory_error,,xy_error,error_m,0.297591811,,,
trajectory_error,,xy_error,error_m,0.271529157,,,
trajectory_error,,xy_error,error_m,0.253188820,,,
trajectory_error,,xy_error,error_m,0.203179774,,,
trajectory_error,,xy_error,error_m,0.184810313,,,
trajectory_error,,xy_error,error_m,0.166321260,,,
trajectory_error,,xy_error,error_m,0.204318595,,,
trajectory_error,,xy_error,error_m,0.200233550,,,
trajectory_error,,xy_error,error_m,0.168497075,,,
trajectory_error,,xy_error,error_m,0.137151661,,,
trajectory_error,,xy_error,error_m,0.124695199,,,
trajectory_error,,xy_error,error_m,0.170457675,,,
trajectory_error,,xy_error,error_m,0.102977609,,,
trajectory_error,,xy_error,error_m,0.104935809,,,
trajectory_error,,xy_error,error_m,0.098173151,,,
trajectory_error,,xy_error,error_m,0.062205001,,,
trajectory_error,,xy_error,error_m,0.091973049,,,
trajectory_error,,xy_error,error_m,0.109952861,,,
trajectory_error,,xy_error,error_m,0.126593107,,,
trajectory_error,,xy_error,error_m,0.121285002,,,
trajectory_error,,xy_error,error_m,0.123661047,,,
trajectory_error,,xy_error,error_m,0.166480672,,,
trajectory_error,,xy_error,error_m,0.163756455,,,
trajectory_error,,xy_error,error_m,0.188181898,,,
trajectory_error,,xy_error,error_m,0.211145811,,,
trajectory_error,,xy_error,error_m,0.213757081,,,
trajectory_error,,xy_error,error_m,0.198216659,,,
trajectory_error,,xy_error,error_m,0.235257380,,,
trajectory_error,,xy_error,error_m,0.237337796,,,
trajectory_error,,xy_error,error_m,0.273006327,,,
trajectory_error,,xy_error,error_m,0.260133601,,,
trajectory_error,,xy_error,error_m,0.244026465,,,
trajectory_error,,xy_error,error_m,0.138628500,,,
trajectory_error,,xy_error,error_m,0.114165749,,,
trajectory_error,,xy_error,error_m,0.127525993,,,
trajectory_error,,xy_error,error_m,0.128422653,,,
trajectory_error,,xy_error,error_m,0.141294945,,,
trajectory_error,,xy_error,error_m,0.165077706,,,
trajectory_error,,xy_error,error_m,0.171288200,,,
trajectory_error,,xy_error,error_m,0.178390764,,,
trajectory_error,,xy_error,error_m,0.168789735,,,
trajectory_error,,xy_error,error_m,0.155500261,,,
trajectory_error,,xy_error,error_m,0.164629714,,,
trajectory_error,,xy_error,error_m,0.156865124,,,
trajectory_error,,xy_error,error_m,0.145022282,,,
trajectory_error,,xy_error,error_m,0.132796814,,,
trajectory_error,,xy_error,error_m,0.157558306,,,
trajectory_error,,xy_error,error_m,0.131903562,,,
trajectory_error,,xy_error,error_m,0.147684562,,,
trajectory_error,,xy_error,error_m,0.166834886,,,
trajectory_error,,xy_error,error_m,0.164868067,,,
trajectory_error,,xy_error,error_m,0.157934116,,,
trajectory_error,,xy_error,error_m,0.147251100,,,
trajectory_error,,xy_error,error_m,0.158503134,,,
trajectory_error,,xy_error,error_m,0.163026857,,,
trajectory_error,,xy_error,error_m,0.140915850,,,
trajectory_error,,xy_error,error_m,0.115461942,,,
trajectory_error,,xy_error,error_m,0.091004958,,,
trajectory_error,,xy_error,error_m,0.088646993,,,
trajectory_error,,xy_error,error_m,0.092916645,,,
trajectory_error,,xy_error,error_m,0.086587206,,,
trajectory_error,,xy_error,error_m,0.099446889,,,
trajectory_error,,xy_error,error_m,0.116260348,,,
trajectory_error,,xy_error,error_m,0.121172103,,,
trajectory_error,,xy_error,error_m,0.132165029,,,
trajectory_error,,xy_error,error_m,0.175026251,,,
trajectory_error,,xy_error,error_m,0.154862835,,,
trajectory_error,,xy_error,error_m,0.176090020,,,
trajectory_error,,xy_error,error_m,0.164290699,,,
trajectory_error,,xy_error,error_m,0.169022312,,,
trajectory_error,,xy_error,error_m,0.169074062,,,
trajectory_error,,xy_error,error_m,0.145549843,,,
trajectory_error,,xy_error,error_m,0.189886610,,,
trajectory_error,,xy_error,error_m,0.189602672,,,
trajectory_error,,xy_error,error_m,0.204719305,,,
trajectory_error,,xy_error,error_m,0.201320138,,,
trajectory_error,,xy_error,error_m,0.197768362,,,
trajectory_error,,xy_error,error_m,0.190957668,,,
trajectory_error,,xy_error,error_m,0.175968758,,,
trajectory_error,,xy_error,error_m,0.168329828,,,
trajectory_error,,xy_error,error_m,0.169680528,,,
trajectory_error,,xy_error,error_m,0.179048032,,,
trajectory_error,,xy_error,error_m,0.166789482,,,
trajectory_error,,xy_error,error_m,0.194875368,,,
trajectory_error,,xy_error,error_m,0.195148935,,,
trajectory_error,,xy_error,error_m,0.204691183,,,
trajectory_error,,xy_error,error_m,0.196724599,,,
trajectory_error,,xy_error,error_m,0.182710552,,,
trajectory_error,,xy_error,error_m,0.183565244,,,
trajectory_error,,xy_error,error_m,0.178544565,,,
trajectory_error,,xy_error,error_m,0.187200771,,,
trajectory_error,,xy_error,error_m,0.173181463,,,
trajectory_error,,xy_error,error_m,0.167472224,,,
trajectory_error,,xy_error,error_m,0.140405175,,,
trajectory_error,,xy_error,error_m,0.103568272,,,
trajectory_error,,xy_error,error_m,0.094090234,,,
trajectory_error,,xy_error,error_m,0.080614620,,,
trajectory_error,,xy_error,error_m,0.089863569,,,
trajectory_error,,xy_error,error_m,0.065809332,,,
trajectory_error,,xy_error,error_m,0.063876801,,,
trajectory_error,,xy_error,error_m,0.059852764,,,
trajectory_error,,xy_error,error_m,0.058986278,,,
trajectory_error,,xy_error,error_m,0.066240400,,,
trajectory_error,,xy_error,error_m,0.049096584,,,
trajectory_error,,xy_error,error_m,0.060139229,,,
trajectory_error,,xy_error,error_m,0.063296790,,,
trajectory_error,,xy_error,error_m,0.032093540,,,
trajectory_error,,xy_error,error_m,0.039113228,,,
trajectory_error,,xy_error,error_m,0.044020512,,,
trajectory_error,,xy_error,error_m,0.012629234,,,
trajectory_error,,xy_error,error_m,0.021177655,,,
trajectory_error,,xy_error,error_m,0.003228355,,,
trajectory_error,,xy_error,error_m,0.005249073,,,
trajectory_error,,xy_error,error_m,0.012349637,,,
trajectory_error,,xy_error,error_m,0.013139178,,,
trajectory_error,,xy_error,error_m,0.026379082,,,
trajectory_error,,xy_error,error_m,0.012946641,,,
trajectory_error,,xy_error,error_m,0.054192677,,,
trajectory_error,,xy_error,error_m,0.065958348,,,
trajectory_error,,xy_error,error_m,0.065386347,,,
trajectory_error,,xy_error,error_m,0.081480634,,,
trajectory_error,,xy_error,error_m,0.083767567,,,
trajectory_error,,xy_error,error_m,0.079690633,,,
trajectory_error,,xy_error,error_m,0.086608944,,,
trajectory_error,,xy_error,error_m,0.103065933,,,
trajectory_error,,xy_error,error_m,0.116123912,,,
trajectory_error,,xy_error,error_m,0.128971318,,,
trajectory_error,,xy_error,error_m,0.129958361,,,
trajectory_error,,xy_error,error_m,0.107174944,,,
trajectory_error,,xy_error,error_m,0.143960219,,,
trajectory_error,,xy_error,error_m,0.114186097,,,
trajectory_error,,xy_error,error_m,0.118467705,,,
trajectory_error,,xy_error,error_m,0.142732930,,,
trajectory_error,,xy_error,error_m,0.117304798,,,
trajectory_error,,xy_error,error_m,0.129524797,,,
trajectory_error,,xy_error,error_m,0.127109226,,,
trajectory_error,,xy_error,error_m,0.119691487,,,
trajectory_error,,xy_error,error_m,0.123919632,,,
trajectory_error,,xy_error,error_m,0.127233595,,,
trajectory_error,,xy_error,error_m,0.125252083,,,
trajectory_error,,xy_error,error_m,0.123217367,,,
trajectory_error,,xy_error,error_m,0.128032424,,,
trajectory_error,,xy_error,error_m,0.130000910,,,
trajectory_error,,xy_error,error_m,0.127735009,,,
trajectory_error,,xy_error,error_m,0.131924399,,,
trajectory_error,,xy_error,error_m,0.112024639,,,
trajectory_error,,xy_error,error_m,0.116687190,,,
trajectory_error,,xy_error,error_m,0.126625162,,,
trajectory_error,,xy_error,error_m,0.093486146,,,
trajectory_error,,xy_error,error_m,0.097579135,,,
trajectory_error,,xy_error,error_m,0.130136737,,,
trajectory_error,,xy_error,error_m,0.143144088,,,
trajectory_error,,xy_error,error_m,0.150428163,,,
trajectory_error,,xy_error,error_m,0.142453100,,,
trajectory_error,,xy_error,error_m,0.128380441,,,
trajectory_error,,xy_error,error_m,0.134659025,,,
trajectory_error,,xy_error,error_m,0.147929602,,,
trajectory_error,,xy_error,error_m,0.157907471,,,
trajectory_error,,xy_error,error_m,0.154051736,,,
trajectory_error,,xy_error,error_m,0.144755022,,,
trajectory_error,,xy_error,error_m,0.154460332,,,
trajectory_error,,xy_error,error_m,0.146805824,,,
trajectory_error,,xy_error,error_m,0.155113857,,,
trajectory_error,,xy_error,error_m,0.149233098,,,
trajectory_error,,xy_error,error_m,0.158992073,,,
trajectory_error,,xy_error,error_m,0.184954580,,,
trajectory_error,,xy_error,error_m,0.165033228,,,
trajectory_error,,xy_error,error_m,0.172097629,,,
trajectory_error,,xy_error,error_m,0.173577213,,,
trajectory_error,,xy_error,error_m,0.183161057,,,
trajectory_error,,xy_error,error_m,0.168006328,,,
trajectory_error,,xy_error,error_m,0.164866636,,,
trajectory_error,,xy_error,error_m,0.150854892,,,
trajectory_error,,xy_error,error_m,0.165099259,,,
trajectory_error,,xy_error,error_m,0.165099953,,,
trajectory_error,,xy_error,error_m,0.142294565,,,
trajectory_error,,xy_error,error_m,0.138046116,,,
trajectory_error,,xy_error,error_m,0.144565174,,,
trajectory_error,,xy_error,error_m,0.134290708,,,
trajectory_error,,xy_error,error_m,0.136909407,,,
trajectory_error,,xy_error,error_m,0.124654045,,,
trajectory_error,,xy_error,error_m,0.128869994,,,
trajectory_error,,xy_error,error_m,0.121697266,,,
trajectory_error,,xy_error,error_m,0.130216072,,,
trajectory_error,,xy_error,error_m,0.119204263,,,
trajectory_error,,xy_error,error_m,0.133642740,,,
trajectory_error,,xy_error,error_m,0.153680018,,,
trajectory_error,,xy_error,error_m,0.133549922,,,
trajectory_error,,xy_error,error_m,0.153435006,,,
trajectory_error,,xy_error,error_m,0.155158251,,,
trajectory_error,,xy_error,error_m,0.154769377,,,
trajectory_error,,xy_error,error_m,0.177253253,,,
trajectory_error,,xy_error,error_m,0.174505005,,,
trajectory_error,,xy_error,error_m,0.178127272,,,
trajectory_error,,xy_error,error_m,0.196382903,,,
trajectory_error,,xy_error,error_m,0.187790766,,,
trajectory_error,,xy_error,error_m,0.177434642,,,
trajectory_error,,xy_error,error_m,0.178719255,,,
trajectory_error,,xy_error,error_m,0.177732745,,,
trajectory_error,,xy_error,error_m,0.172755782,,,
trajectory_error,,xy_error,error_m,0.155507711,,,
trajectory_error,,xy_error,error_m,0.171310763,,,
trajectory_error,,xy_error,error_m,0.208203878,,,
trajectory_error,,xy_error,error_m,0.267687460,,,
trajectory_error,,xy_error,error_m,0.311575677,,,
trajectory_error,,xy_error,error_m,0.296050971,,,
trajectory_error,,xy_error,error_m,0.281473354,,,
trajectory_error,,xy_error,error_m,0.297078349,,,
trajectory_error,,xy_error,error_m,0.277971097,,,
trajectory_error,,xy_error,error_m,0.304101589,,,
trajectory_error,,xy_error,error_m,0.289488008,,,
trajectory_error,,xy_error,error_m,0.262757134,,,
trajectory_error,,xy_error,error_m,0.274981534,,,
trajectory_error,,xy_error,error_m,0.261295194,,,
trajectory_error,,xy_error,error_m,0.287029311,,,
trajectory_error,,xy_error,error_m,0.291202791,,,
trajectory_error,,xy_error,error_m,0.272861853,,,
trajectory_error,,xy_error,error_m,0.294008691,,,
trajectory_error,,xy_error,error_m,0.270919351,,,
trajectory_error,,xy_error,error_m,0.273865485,,,
trajectory_error,,xy_error,error_m,0.269309151,,,
trajectory_error,,xy_error,error_m,0.261126599,,,
trajectory_error,,xy_error,error_m,0.278778288,,,
trajectory_error,,xy_error,error_m,0.235998674,,,
trajectory_error,,xy_error,error_m,0.239602142,,,
trajectory_error,,xy_error,error_m,0.237701423,,,
trajectory_error,,xy_error,error_m,0.104819255,,,
trajectory_error,,xy_error,error_m,0.092735458,,,
trajectory_error,,xy_error,error_m,0.131984864,,,
trajectory_error,,xy_error,error_m,0.165743988,,,
trajectory_error,,xy_error,error_m,0.211664155,,,
trajectory_error,,xy_error,error_m,0.239165338,,,
trajectory_error,,xy_error,error_m,0.252735165,,,
trajectory_error,,xy_error,error_m,0.262753817,,,
trajectory_error,,xy_error,error_m,0.249073291,,,
trajectory_error,,xy_error,error_m,0.268872316,,,
trajectory_error,,xy_error,error_m,0.250912858,,,
trajectory_error,,xy_error,error_m,0.261623884,,,
trajectory_error,,xy_error,error_m,0.271581705,,,
trajectory_error,,xy_error,error_m,0.245993109,,,
trajectory_error,,xy_error,error_m,0.264620048,,,
trajectory_error,,xy_error,error_m,0.257322871,,,
trajectory_error,,xy_error,error_m,0.257435820,,,
trajectory_error,,xy_error,error_m,0.246586157,,,
trajectory_error,,xy_error,error_m,0.256141228,,,
trajectory_error,,xy_error,error_m,0.286766238,,,
trajectory_error,,xy_error,error_m,0.264731581,,,
trajectory_error,,xy_error,error_m,0.268482048,,,
trajectory_error,,xy_error,error_m,0.281963551,,,
trajectory_error,,xy_error,error_m,0.264752927,,,
trajectory_error,,xy_error,error_m,0.251240613,,,
trajectory_error,,xy_error,error_m,0.243217159,,,
trajectory_error,,xy_error,error_m,0.240438184,,,
trajectory_error,,xy_error,error_m,0.262105366,,,
trajectory_error,,xy_error,error_m,0.262369179,,,
trajectory_error,,xy_error,error_m,0.293643837,,,
trajectory_error,,xy_error,error_m,0.278643064,,,
trajectory_error,,xy_error,error_m,0.254670609,,,
trajectory_error,,xy_error,error_m,0.225106904,,,
trajectory_error,,xy_error,error_m,0.172234629,,,
trajectory_error,,xy_error,error_m,0.149124022,,,
trajectory_error,,xy_error,error_m,0.131563319,,,
trajectory_error,,xy_error,error_m,0.126423637,,,
trajectory_error,,xy_error,error_m,0.129130839,,,
trajectory_error,,xy_error,error_m,0.153958656,,,
trajectory_error,,xy_error,error_m,0.235797976,,,
trajectory_error,,xy_error,error_m,0.260433669,,,
trajectory_error,,xy_error,error_m,0.273065729,,,
trajectory_error,,xy_error,error_m,0.292852420,,,
trajectory_error,,xy_error,error_m,0.269692795,,,
trajectory_error,,xy_error,error_m,0.241035920,,,
trajectory_error,,xy_error,error_m,0.259364936,,,
trajectory_error,,xy_error,error_m,0.237062093,,,
trajectory_error,,xy_error,error_m,0.217300063,,,
trajectory_error,,xy_error,error_m,0.226048132,,,
trajectory_error,,xy_error,error_m,0.171986046,,,
trajectory_error,,xy_error,error_m,0.160606154,,,
trajectory_error,,xy_error,error_m,0.197347477,,,
trajectory_error,,xy_error,error_m,0.208875373,,,
trajectory_error,,xy_error,error_m,0.218900397,,,
trajectory_error,,xy_error,error_m,0.262070348,,,
trajectory_error,,xy_error,error_m,0.271934573,,,
trajectory_error,,xy_error,error_m,0.290886656,,,
trajectory_error,,xy_error,error_m,0.278299441,,,
trajectory_error,,xy_error,error_m,0.306671034,,,
trajectory_error,,xy_error,error_m,0.300541991,,,
trajectory_error,,xy_error,error_m,0.247426014,,,
trajectory_error,,xy_error,error_m,0.231049278,,,
trajectory_error,,xy_error,error_m,0.237278274,,,
trajectory_error,,xy_error,error_m,0.221550916,,,
trajectory_error,,xy_error,error_m,0.209189804,,,
trajectory_error,,xy_error,error_m,0.198012382,,,
trajectory_error,,xy_error,error_m,0.210015133,,,
trajectory_error,,xy_error,error_m,0.276752076,,,
trajectory_error,,xy_error,error_m,0.254030553,,,
trajectory_error,,xy_error,error_m,0.248679169,,,
trajectory_error,,xy_error,error_m,0.269383809,,,
trajectory_error,,xy_error,error_m,0.210206887,,,
trajectory_error,,xy_error,error_m,0.197800273,,,
trajectory_error,,xy_error,error_m,0.190810251,,,
trajectory_error,,xy_error,error_m,0.156639260,,,
trajectory_error,,xy_error,error_m,0.220355101,,,
trajectory_error,,xy_error,error_m,0.249191957,,,
trajectory_error,,xy_error,error_m,0.232137452,,,
trajectory_error,,xy_error,error_m,0.224176180,,,
trajectory_error,,xy_error,error_m,0.224516757,,,
trajectory_error,,xy_error,error_m,0.209735023,,,
trajectory_error,,xy_error,error_m,0.207700409,,,
trajectory_error,,xy_error,error_m,0.193892862,,,
trajectory_error,,xy_error,error_m,0.204770617,,,
trajectory_error,,xy_error,error_m,0.202296772,,,
trajectory_error,,xy_error,error_m,0.231940248,,,
trajectory_error,,xy_error,error_m,0.217661150,,,
trajectory_error,,xy_error,error_m,0.175166429,,,
trajectory_error,,xy_error,error_m,0.130286785,,,
trajectory_error,,xy_error,error_m,0.135135135,,,
trajectory_error,,xy_error,error_m,0.133686035,,,
trajectory_error,,xy_error,error_m,0.116277562,,,
trajectory_error,,xy_error,error_m,0.103181341,,,
trajectory_error,,xy_error,error_m,0.067857812,,,
trajectory_error,,xy_error,error_m,0.032652750,,,
trajectory_error,,xy_error,error_m,0.045303893,,,
trajectory_error,,xy_error,error_m,0.030683423,,,
trajectory_error,,xy_error,error_m,0.022179554,,,
trajectory_error,,xy_error,error_m,0.030927888,,,
trajectory_error,,xy_error,error_m,0.043568375,,,
trajectory_error,,xy_error,error_m,0.068186779,,,
trajectory_error,,xy_error,error_m,0.069717422,,,
trajectory_error,,xy_error,error_m,0.066981132,,,
trajectory_error,,xy_error,error_m,0.062527423,,,
trajectory_error,,xy_error,error_m,0.062041805,,,
trajectory_error,,xy_error,error_m,0.094216115,,,
trajectory_error,,xy_error,error_m,0.102660686,,,
trajectory_error,,xy_error,error_m,0.100353008,,,
trajectory_error,,xy_error,error_m,0.091827811,,,
trajectory_error,,xy_error,error_m,0.100486420,,,
trajectory_error,,xy_error,error_m,0.128444153,,,
trajectory_error,,xy_error,error_m,0.126476463,,,
trajectory_error,,xy_error,error_m,0.124781043,,,
trajectory_error,,xy_error,error_m,0.179203496,,,
trajectory_error,,xy_error,error_m,0.214270400,,,
trajectory_error,,xy_error,error_m,0.216816067,,,
trajectory_error,,xy_error,error_m,0.224395978,,,
trajectory_error,,xy_error,error_m,0.233186466,,,
trajectory_error,,xy_error,error_m,0.248191501,,,
trajectory_error,,xy_error,error_m,0.267447479,,,
trajectory_error,,xy_error,error_m,0.263603764,,,
trajectory_error,,xy_error,error_m,0.240615813,,,
trajectory_error,,xy_error,error_m,0.255219859,,,
trajectory_error,,xy_error,error_m,0.249672362,,,
trajectory_error,,xy_error,error_m,0.283070414,,,
trajectory_error,,xy_error,error_m,0.257005397,,,
trajectory_error,,xy_error,error_m,0.256968481,,,
trajectory_error,,xy_error,error_m,0.266781889,,,
trajectory_error,,xy_error,error_m,0.245526291,,,
trajectory_error,,xy_error,error_m,0.246253952,,,
trajectory_error,,xy_error,error_m,0.256259523,,,
trajectory_error,,xy_error,error_m,0.258641655,,,
trajectory_error,,xy_error,error_m,0.227919545,,,
trajectory_error,,xy_error,error_m,0.232509952,,,
trajectory_error,,xy_error,error_m,0.215166725,,,
trajectory_error,,xy_error,error_m,0.205132160,,,
trajectory_error,,xy_error,error_m,0.196752696,,,
trajectory_error,,xy_error,error_m,0.188436967,,,
trajectory_error,,xy_error,error_m,0.191303690,,,
trajectory_error,,xy_error,error_m,0.150767547,,,
trajectory_error,,xy_error,error_m,0.151846691,,,
trajectory_error,,xy_error,error_m,0.156093335,,,
trajectory_error,,xy_error,error_m,0.154728431,,,
trajectory_error,,xy_error,error_m,0.164836761,,,
trajectory_error,,xy_error,error_m,0.180355878,,,
trajectory_error,,xy_error,error_m,0.170932064,,,
trajectory_error,,xy_error,error_m,0.169674695,,,
trajectory_error,,xy_error,error_m,0.160475185,,,
trajectory_error,,xy_error,error_m,0.177580233,,,
trajectory_error,,xy_error,error_m,0.173937792,,,
trajectory_error,,xy_error,error_m,0.167691893,,,
trajectory_error,,xy_error,error_m,0.180799723,,,
trajectory_error,,xy_error,error_m,0.180042716,,,
trajectory_error,,xy_error,error_m,0.179908847,,,
trajectory_error,,xy_error,error_m,0.186899282,,,
trajectory_error,,xy_error,error_m,0.167634476,,,
trajectory_error,,xy_error,error_m,0.175228380,,,
trajectory_error,,xy_error,error_m,0.196703049,,,
